time_scan_scan,score,
81.6827,0.222043,
99.6927,0.221715,
106.486,0.194112,
161.547,0.17141,
89.4322,0.163697,
87.6557,0.208782,
101.316,0.213056,
33.5991,0.19572,
89.4279,0.17806,
27.1568,0.190251,
27.8493,0.161365,
101.981,0.219903,
32.6358,5.05919,
31.7011,0.36502,
86.6017,0.294281,
85.5298,0.650923,
82.0626,0.267167,
27.0689,0.754801,
82.8689,2.1139,
103.611,0.713287,
35.2366,0.23824,
93.0183,0.222007,
103.548,0.297246,
80.7805,0.423799,
27.9793,0.371827,
25.2861,0.195969,
26.2516,0.373919,
124.886,0.237228,
80.0212,0.238145,
25.0657,0.167033,
23.7417,0.19309,
64.7731,0.1938,
69.9975,0.150105,
24.3963,0.333423,
69.7248,0.193344,
63.2135,0.40772,
22.1614,1.22768,
61.3447,0.282939,
21.459,0.240253,
31.6178,0.182118,
21.8359,0.356543,
67.4955,0.355147,
62.206,0.122641,
75.685,0.210908,
22.0465,0.176647,
62.9524,0.297477,
102.529,0.323246,
60.4427,2.12635,
22.682,1.19155,
70.0263,0.198815,
22.0544,0.259201,
64.2873,0.954705,
21.7906,1.52497,
67.3332,0.423725,
21.413,0.736025,
21.5723,0.316212,
24.7405,0.631632,
24.812,0.967667,
130.558,0.177518,
77.1069,0.291353,
25.9894,0.293262,
123.003,0.340519,
23.1149,0.258249,
22.59,0.318364,
74.1327,0.243454,
68.9194,0.191003,
20.3174,0.154252,
59.7686,0.186451,
74.1651,0.122187,
71.3703,0.199408,
112.213,0.116039,
108.343,0.437936,
43.0917,0.210196,
70.5615,0.155692,
69.363,0.224477,
61.9706,0.144684,
73.8442,0.191501,
63.3744,0.0979454,
70.7873,0.171981,
25.9167,0.115784,
22.5934,0.133216,
63.0301,0.158857,
72.7847,0.258203,
63.8088,0.183977,
26.9578,0.279071,
23.3716,0.193624,
30.4834,0.462288,
31.1143,0.795778,
25.2649,0.396241,
25.2325,0.34705,
34.4368,0.184681,
85.0422,0.611701,
25.687,0.214565,
77.9993,0.233646,
33.0669,0.73987,
116.773,0.5462,
38.991,1.06463,
58.6355,0.142107,
29.4297,0.300869,
61.219,0.401057,
46.6533,0.491561,
121.344,0.162693,
102.901,0.239485,
115.018,0.124548,
97.3288,0.15933,
129.213,0.150256,
31.0466,0.226094,
118.863,0.104726,
93.9561,0.166913,
112.029,0.196416,
89.2881,0.135318,
60.6829,0.184722,
28.7936,0.28235,
76.0122,0.18119,
38.1068,0.262487,
53.0081,0.353596,
37.5744,0.426412,
64.3555,0.264262,
31.1818,0.344798,
62.8904,0.224948,
27.5292,0.388694,
48.8647,0.1505,
27.8542,0.162581,
49.894,0.179011,
82.7514,0.266186,
47.077,0.132839,
22.7804,0.163641,
49.9119,0.44062,
25.4139,0.186326,
90.7784,0.1687,
24.2386,0.1193,
21.265,0.142957,
24.3399,0.0966846,
28.7332,0.120841,
63.9275,0.102868,
60.9004,0.0991407,
20.7002,0.158607,
34.542,0.102398,
106.709,0.409764,
18.918,0.147016,
67.8679,0.120164,
32.2946,0.458721,
64.1035,0.334919,
25.3758,0.503805,
75.1406,0.28763,
68.2432,0.138045,
21.4005,1.50237,
77.7361,0.135679,
37.2442,0.239863,
66.7193,0.119605,
61.5379,0.162318,
60.584,0.169313,
61.2799,0.841421,
18.1693,2.06968,
55.8772,0.80427,
17.8692,0.1146,
54.73,0.160544,
53.481,0.0956748,
59.2431,0.313821,
51.9148,0.213802,
18.1277,0.349818,
57.3622,0.415126,
60.9838,3.69916,
58.5707,0.828464,
28.2502,0.235556,
63.8728,0.232693,
63.1483,0.698686,
18.9044,0.170906,
105.495,0.423871,
58.1598,0.876796,
62.1857,0.13115,
18.7846,0.176664,
59.1002,0.168806,
65.3273,0.162321,
19.2096,0.720035,
58.2682,0.176858,
58.0927,0.201213,
63.621,3.09468,
63.7231,1.52983,
20.5787,0.433556,
63.4311,0.216573,
62.0587,0.170218,
25.3946,0.152962,
18.8153,0.943564,
20.8972,0.319681,
58.251,0.256491,
22.822,0.103282,
19.5324,0.280721,
19.6721,0.196182,
34.6272,0.304838,
20.4818,0.545247,
23.2666,1.64831,
70.9754,0.570762,
77.809,0.581794,
25.3798,0.235335,
25.1809,0.219155,
26.9905,0.190916,
24.4707,0.244168,
24.6386,0.273602,
24.5896,0.161742,
26.3441,0.228058,
25.2062,0.122196,
24.2727,0.157361,
50.2511,0.120282,
145.254,0.168565,
55.7696,0.0911928,
97.0487,0.149101,
98.9403,0.150714,
23.9774,0.356755,
54.3327,0.159436,
24.0338,0.173489,
57.1134,0.181669,
26.8221,0.275514,
48.3076,0.192476,
76.7873,0.642844,
43.0921,0.201708,
23.6641,0.558819,
41.7108,0.213628,
21.1166,0.830744,
75.8968,0.56219,
25.4009,0.148535,
62.9324,0.0877678,
20.509,0.176764,
20.1597,0.282203,
20.3717,0.262536,
20.2345,0.150495,
55.0338,0.298752,
91.747,0.358987,
54.6137,0.122854,
17.301,0.92564,
86.3456,1.03332,
23.2596,2.66161,
54.2955,0.147659,
51.0019,0.178752,
25.2215,0.204113,
25.0769,0.297638,
18.5616,0.236766,
55.4603,0.0949512,
24.7463,0.130418,
83.4502,1.38825,
53.4689,0.837237,
51.3211,0.343389,
17.6519,0.654248,
91.0441,0.474844,
58.2932,0.1551,
18.6839,0.138889,
56.3865,0.262462,
22.6476,0.206833,
22.1039,0.220639,
53.6329,0.310174,
55.5907,0.113793,
29.2818,0.128687,
87.7102,0.206561,
53.5455,0.243454,
59.6823,1.77273,
64.9945,3.26055,
63.7003,1.01135,
35.3401,0.506823,
128.561,3.5718,
31.9936,0.457472,
29.4033,0.247912,
77.8197,0.177293,
24.7011,0.272587,
78.7399,0.177776,
85.9157,0.147971,
67.3549,0.135629,
27.8054,0.144345,
22.95,0.175481,
33.5773,0.183409,
25.006,0.110764,
61.4412,0.199356,
67.0433,0.174274,
22.0509,0.158237,
24.8681,2.39375,
55.1284,3.02784,
23.9181,0.649019,
99.1403,0.277258,
20.9831,0.630894,
65.3311,0.503265,
21.1127,0.239164,
63.666,0.267157,
105.936,0.310923,
61.7312,0.108875,
21.2536,0.188976,
23.0205,0.178145,
62.5043,0.134144,
20.7865,0.144013,
28.4289,0.135398,
22.0817,0.152656,
66.8459,0.143535,
24.364,7.57607,
26.1121,0.349001,
32.5394,0.689291,
25.5422,1.00979,
87.5329,0.944392,
24.8575,0.265154,
73.935,0.509322,
75.2673,0.226254,
25.8145,1.3442,
24.7889,0.225006,
77.4572,0.316486,
25.3504,0.363013,
85.836,0.305207,
78.257,0.256499,
25.0381,0.137962,
82.3593,0.298493,
80.3291,0.137979,
85.1117,0.16421,
23.3192,0.138893,
20.7931,0.281402,
23.4116,0.161057,
58.871,0.104329,
60.3797,0.147826,
25.7008,0.125802,
55.389,0.100032,
19.7515,0.140425,
63.3621,0.349326,
27.4147,0.177326,
54.4476,6.36672,
28.8503,0.525351,
63.2092,1.75636,
21.5703,0.173451,
20.0468,0.220684,
27.5197,0.139851,
20.0273,0.16691,
19.1502,0.20526,
18.5732,0.764474,
25.705,0.144114,
31.2066,0.227948,
66.9437,0.326491,
20.6577,0.182415,
23.583,0.433378,
22.917,0.453789,
19.8715,0.211638,
65.5656,0.212547,
49.1537,0.27546,
17.4082,0.640023,
16.4447,0.301637,
16.463,0.178841,
54.8241,0.189778,
71.5501,1.24178,
56.703,0.168675,
54.1486,0.147251,
18.1642,0.355762,
67.8728,0.178833,
20.1981,0.209401,
31.8044,0.204898,
19.9829,0.248303,
56.7119,0.183461,
54.3672,0.391958,
31.3476,16.2241,
67.7071,0.449001,
62.7299,1.56636,
56.1638,0.231302,
18.5515,0.182198,
56.7205,0.260587,
62.9449,0.33366,
25.0038,0.143536,
27.9792,0.252995,
19.5556,0.19289,
21.442,0.350101,
76.3993,0.162927,
26.4701,1.28378,
22.1333,0.497318,
62.9039,0.440209,
20.0808,0.286073,
31.3328,0.191156,
73.7593,0.194666,
123.003,0.594894,
119.05,0.264282,
66.5061,0.63793,
67.2522,0.250386,
73.2803,0.384911,
75.6855,0.26069,
32.0712,0.17798,
87.2938,0.300284,
34.1809,0.250917,
33.9269,0.33021,
34.7411,0.204538,
24.6104,0.278706,
34.4041,0.272254,
102.762,0.73512,
43.3477,0.530658,
76.0554,0.174199,
87.4068,0.191746,
31.7704,0.24204,
31.1079,0.24323,
79.9216,0.219124,
26.2105,0.224031,
29.3932,0.167581,
21.5483,0.22509,
23.2909,0.195327,
70.2405,0.155374,
31.7768,0.270508,
31.4885,0.166577,
37.1057,0.173221,
23.8741,0.190725,
28.4094,2.2396,
84.0218,0.270643,
86.7148,0.368745,
42.6307,0.137652,
28.4594,0.250768,
72.0325,0.188303,
23.8423,0.200343,
24.6754,0.246671,
77.1347,0.224078,
79.9653,0.306901,
40.366,0.648856,
114.398,0.266138,
89.0882,0.15219,
34.0875,0.347098,
27.8602,0.640982,
68.0099,0.289659,
28.193,0.452945,
65.6579,0.169165,
85.851,0.352916,
67.4175,0.523949,
94.2084,0.738572,
129.28,0.230433,
97.5069,0.284215,
80.2901,0.20756,
32.9104,0.330776,
144.076,1.67052,
32.6082,0.489056,
146.149,0.147959,
33.9716,0.221674,
87.4583,0.129436,
39.1279,0.132068,
75.6866,0.189479,
100.261,0.580527,
62.8737,0.136302,
32.4325,0.241272,
139.934,0.083823,
28.0948,0.127126,
114.179,0.100042,
42.5115,0.219008,
64.5375,0.107906,
25.3155,0.288016,
99.1177,0.206512,
24.3252,0.224414,
24.6562,0.120268,
23.9528,0.164884,
76.8054,0.147705,
23.6187,0.297502,
30.6529,0.101664,
76.5181,0.26341,
33.356,0.0958358,
74.2254,1.18741,
23.5982,0.473676,
32.4754,0.160215,
65.0954,0.112925,
36.7625,0.140299,
24.2191,0.163772,
29.9139,0.667436,
23.8905,0.125292,
68.2421,0.12789,
23.6838,0.160216,
22.9883,1.70851,
23.228,0.279692,
75.2184,0.144791,
98.0598,0.135026,
25.2654,0.142284,
26.2183,0.126563,
21.4231,0.0978876,
73.4356,0.129869,
65.5905,0.202577,
111.503,0.11851,
64.8521,0.450174,
21.6856,0.318376,
62.4874,0.205105,
67.9692,0.131176,
26.3614,0.112027,
66.2454,0.147743,
63.8979,0.0916887,
59.3345,0.101222,
18.1038,0.118527,
61.6355,0.104758,
19.3588,0.110571,
18.7807,0.116452,
18.5691,0.411339,
22.4258,0.111949,
20.5757,0.488313,
23.7079,0.199449,
59.7232,0.258613,
57.2275,0.201685,
56.2007,0.163822,
61.1986,0.243434,
102.066,0.539083,
18.7715,0.22278,
18.5252,0.196391,
56.0837,0.263424,
55.5469,0.373075,
108.531,0.460114,
19.9246,0.209177,
21.8077,0.146934,
64.7667,2.03044,
22.7507,0.331041,
22.412,0.135082,
22.234,0.196811,
27.4185,0.19147,
27.3976,0.161676,
74.9099,0.889478,
67.6529,0.228251,
20.706,0.305112,
63.5427,0.136939,
59.3099,1.74743,
18.4555,0.187303,
55.3506,0.30036,
58.5224,3.42035,
18.9452,2.1441,
29.8537,0.50801,
71.5217,0.148675,
19.2065,0.122639,
26.0523,0.463481,
58.5702,0.156434,
19.1992,0.331853,
102.294,0.13764,
58.3054,0.766235,
18.7914,1.95623,
42.5352,0.0927908,
59.2347,0.324177,
39.6329,0.119146,
63.3703,0.225179,
44.3595,0.114037,
67.4065,0.406273,
72.9524,0.268343,
27.5912,1.49327,
82.1954,0.270062,
21.7935,1.18218,
88.4615,0.316121,
74.7477,0.988869,
87.5263,1.37238,
55.8123,0.247172,
70.6624,0.211778,
80.7237,0.333369,
43.3675,0.1212,
24.7553,0.144445,
31.4669,0.178958,
82.8502,0.211935,
38.6479,0.207841,
57.5777,0.218829,
95.6486,0.222852,
90.1368,0.192988,
58.7229,0.0438672,
84.7532,0.0558567,
24.3386,0.132477,
84.3535,0.0975092,
75.4217,0.154933,
77.1698,0.128056,
23.6418,0.12896,
23.9825,0.12751,
24.4464,0.187903,
76.5956,0.127306,
24.1487,0.153977,
24.202,0.112727,
24.2534,0.112525,
75.9259,0.144545,
80.8327,0.180429,
28.5238,0.267007,
28.8532,0.19694,
32.7835,0.479467,
90.2733,0.679165,
48.4254,1.21828,
51.4051,0.172863,
27.8683,0.214164,
33.7499,0.23009,
102.022,0.274915,
51.4459,0.138973,
92.9751,0.140561,
37.6029,0.19547,
54.6629,0.130356,
35.8937,0.128092,
41.0886,0.186953,
26.9741,0.140338,
37.5507,0.456002,
26.4147,0.373973,
104.662,0.213622,
82.2716,0.238499,
95.6282,0.137557,
28.2388,0.290897,
45.3026,0.17912,
26.1156,0.214596,
99.5455,0.163494,
83.1765,0.1991,
45.6069,0.113171,
26.4876,0.1306,
103.805,0.0968952,
27.3698,0.172022,
118.951,0.135217,
27.8908,0.139985,
118.182,0.140711,
44.138,0.20372,
103.557,0.137007,
25.5777,0.153418,
81.1405,0.180206,
25.139,0.146057,
77.91,0.151951,
78.5305,0.139027,
68.9505,0.0940749,
66.9443,0.173386,
67.721,0.149114,
64.4535,0.15133,
20.5101,0.125103,
24.4427,0.198992,
67.4023,0.174949,
60.7076,0.162408,
19.8923,0.154504,
18.9333,0.191483,
20.5673,0.167855,
62.6549,0.0934906,
106.106,0.144681,
63.5846,0.402646,
19.173,0.180997,
29.5925,1.73499,
69.9712,0.289804,
60.5026,0.466677,
72.7496,0.702063,
75.6085,0.358123,
67.459,0.259133,
33.7355,0.260216,
79.4369,0.400484,
23.9457,0.228425,
33.6526,0.105768,
82.879,0.191101,
83.7588,0.273912,
27.0711,0.241832,
77.9415,0.139932,
78.1856,0.204645,
26.3225,0.266423,
26.7508,0.118863,
23.6268,0.19817,
75.8361,0.0934068,
40.2032,0.256425,
23.1833,0.325346,
20.0087,0.23614,
19.6263,0.217475,
22.0031,0.0987556,
66.0104,0.114085,
20.9599,0.176733,
20.299,0.102304,
64.7364,0.112478,
61.7567,0.120544,
19.4165,0.155721,
20.3586,0.188276,
19.281,0.165946,
55.921,0.140918,
97.707,0.162034,
98.0453,0.129053,
24.3418,0.0916455,
26.0004,0.13043,
54.8493,0.0871989,
53.7739,0.102425,
54.3449,0.193833,
59.0166,0.145188,
56.6052,0.150447,
56.2749,0.19851,
72.1982,0.124985,
96.173,0.545761,
17.9432,0.11924,
62.3872,0.141936,
18.8691,0.116611,
69.6644,0.100574,
69.0673,0.220991,
60.5107,0.14145,
64.6733,0.112108,
54.7615,0.13655,
25.5994,0.146473,
20.9986,0.13605,
96.5957,0.110443,
54.2554,0.135699,
23.5159,0.168922,
58.3917,0.164642,
58.1118,0.263231,
18.6139,0.164885,
17.4105,0.139758,
62.7585,0.201135,
64.3872,0.110701,
62.8816,0.147514,
56.2038,0.158753,
57.0332,0.136841,
28.4179,0.193462,
60.8589,0.171181,
18.6863,0.0998269,
56.5859,0.102728,
66.7729,0.285299,
55.8049,0.215065,
18.2767,0.153667,
18.2292,0.165511,
21.3585,0.204294,
59.1634,0.149926,
20.7495,0.151506,
110.278,0.116111,
21.3619,0.175054,
104.402,0.162535,
65.2007,1.60664,
77.2925,0.279718,
70.974,8.80465,
24.2471,1.29456,
24.3814,1.25731,
33.6566,0.339545,
96.559,0.278821,
31.5326,0.221722,
82.0799,0.170825,
25.1755,0.219878,
81.2978,0.123639,
24.7817,0.111622,
25.8279,0.200894,
24.8181,0.116953,
94.448,0.124962,
22.3188,0.30365,
66.1415,0.204279,
69.4377,0.255854,
34.1306,0.278418,
72.0671,0.483238,
24.2538,0.204587,
73.58,0.31612,
24.139,0.310496,
71.4511,0.0981958,
93.3658,0.198667,
31.492,0.126589,
27.0258,0.144434,
26.93,0.190026,
27.0531,0.178314,
82.1001,0.512529,
63.3495,0.237283,
34.0748,0.381033,
110.748,0.327045,
30.9177,2.38715,
56.7368,0.162374,
88.5033,0.291732,
57.7727,0.174658,
38.1781,0.704836,
65.6765,0.267039,
37.3267,0.474227,
132.139,0.12632,
100.443,0.228339,
129.528,0.143847,
30.9879,0.305882,
54.6238,0.163351,
46.3959,0.159922,
65.1845,0.130848,
30.8427,0.12821,
124.819,0.258551,
95.7147,0.105793,
109.211,0.185064,
31.1161,0.175616,
30.8272,0.1525,
92.5022,0.175801,
94.1789,0.151774,
30.8716,0.436657,
29.2829,0.267067,
91.8771,0.461236,
30.6995,0.333353,
94.0188,0.234694,
34.5714,0.233265,
29.7578,0.182311,
40.3638,0.248908,
33.9859,0.272306,
81.6997,0.543074,
27.0809,0.190923,
26.6565,3.89722,
24.6042,0.298632,
71.2853,0.358939,
21.6436,0.287343,
25.6632,0.14806,
59.4148,0.304332,
18.7132,0.326238,
18.2707,0.17457,
21.4055,0.178544,
67.9124,0.158473,
17.2575,0.251119,
52.0974,0.263418,
64.38,0.182921,
72.3419,0.212299,
17.883,0.273803,
15.4311,0.200275,
14.905,0.160952,
15.2895,0.128757,
14.7983,0.120848,
44.8153,0.444292,
18.3038,1.04603,
51.6467,0.249772,
82.4229,0.158364,
15.5349,0.215548,
21.6095,0.291027,
83.0388,0.336028,
21.8477,0.202355,
15.9851,0.178893,
29.1367,0.185752,
50.5265,0.234327,
88.1262,0.194513,
50.7912,0.491994,
18.4114,0.145106,
53.8766,0.879964,
101.257,0.317115,
53.8241,0.303752,
60.7086,2.06513,
18.6987,0.370385,
59.7622,0.350103,
19.6277,0.21164,
60.3995,3.52323,
20.0501,0.480411,
65.2518,0.823089,
21.2549,0.530402,
23.2328,0.405308,
65.5796,1.2471,
70.8118,0.545283,
124.567,0.570943,
26.0902,0.992692,
79.8379,0.303296,
28.0708,0.211308,
88.8476,0.204163,
87.321,0.377613,
147.973,0.673253,
82.8381,0.23809,
78.8354,0.18793,
94.663,0.199044,
84.581,0.816525,
76.1154,0.422421,
82.4501,0.493044,
80.0118,2.25556,
26.43,0.283686,
80.571,0.34527,
22.5204,0.36999,
78.41,0.181631,
25.496,0.293447,
24.3448,0.151377,
32.6821,0.165116,
73.5609,0.2874,
27.1359,0.149434,
64.0921,0.195932,
63.2392,0.111784,
73.8565,0.104778,
21.4816,0.165344,
23.901,0.25913,
20.5237,0.121428,
24.9902,0.126719,
20.2762,0.577128,
72.3986,0.418332,
78.2446,0.172978,
68.2798,0.147305,
68.6984,0.446328,
30.4917,3.74854,
25.7771,0.44881,
85.1863,0.265251,
88.9035,0.897854,
87.5744,0.191574,
91.6619,0.235137,
99.2433,0.266023,
31.0606,0.188849,
31.4132,0.33572,
31.8384,0.162779,
99.1625,0.233967,
31.0002,0.426529,
31.7324,0.237862,
29.5221,0.15223,
96.7614,0.157561,
31.5122,0.257869,
28.2847,0.197938,
33.098,0.136116,
30.7165,0.160113,
35.9183,0.327121,
29.1324,0.337981,
96.9646,0.233667,
26.6391,0.242819,
32.5699,0.155534,
32.6468,2.33975,
25.7556,0.266233,
25.2786,1.09361,
72.4328,7.93866,
23.0782,1.42437,
62.5256,0.383339,
67.8887,0.524522,
20.3801,0.261509,
58.7774,0.225412,
19.1343,0.332903,
59.0388,0.257664,
94.6549,5.02934,
21.7475,0.838406,
67.9482,0.507282,
72.3471,0.554065,
20.5992,4.45808,
23.0466,0.389947,
65.6725,0.843442,
24.4595,0.402398,
22.7269,0.596798,
72.3239,0.590844,
74.965,0.35254,
52.7855,2.71648,
136.109,0.728197,
33.9663,0.477966,
24.7057,0.783863,
27.0746,0.596096,
70.6482,0.267473,
112.025,0.245113,
21.4145,0.803393,
126.76,0.545534,
98.2595,0.904272,
67.7302,1.62721,
21.7865,0.281796,
30.3682,1.17188,
66.0756,0.652739,
65.128,0.288165,
67.9539,0.60152,
66.5157,0.388285,
20.6465,0.480251,
65.2192,0.530721,
74.914,0.365156,
22.3101,0.439895,
84.9583,0.868036,
66.916,0.353393,
63.2989,0.347972,
21.1571,0.512975,
58.141,0.188005,
20.2551,1.24856,
24.9366,1.83848,
20.9587,0.328739,
21.8417,0.270791,
20.4928,0.263374,
60.9503,0.464821,
75.501,0.265956,
77.3542,0.408319,
20.8346,0.212974,
27.6854,0.386246,
65.9134,0.175101,
20.0897,0.31484,
20.3744,1.31329,
62.0768,0.150187,
68.5025,0.649214,
25.205,0.349766,
64.0393,0.198718,
21.0235,0.401017,
22.4113,0.250165,
22.3364,0.250778,
22.1455,0.189483,
63.7424,0.121456,
21.4101,0.158563,
22.1453,0.179102,
69.7426,0.46483,
23.7558,0.294238,
78.1611,8.9224,
23.6767,0.730291,
24.5228,1.97249,
24.8319,0.251378,
36.5695,0.688328,
110.643,0.13716,
50.785,0.193133,
26.5985,0.234384,
90.0385,0.313776,
27.8091,0.198328,
29.6514,0.149826,
30.6276,0.272905,
28.0816,0.114348,
26.9824,0.161573,
36.9364,0.140857,
91.0568,0.189026,
27.7457,0.208961,
83.1228,0.184034,
25.8333,0.18798,
26.4936,0.129513,
26.7593,0.110928,
23.7416,0.117329,
40.1973,0.0953113,
84.3607,0.203546,
25.515,0.0817689,
23.3981,0.0879815,
71.539,0.437942,
74.1793,0.256418,
70.2666,0.216818,
34.6127,0.12815,
64.4897,0.10796,
33.1868,0.149572,
66.3342,0.240322,
20.7622,1.68262,
64.2723,0.169936,
21.2808,0.467157,
70.4647,0.262491,
71.2087,0.52884,
61.3324,0.609697,
71.4383,1.34332,
20.8462,0.264016,
22.7229,0.27385,
69.0536,0.279984,
22.6125,0.346235,
78.1379,0.275936,
22.2875,0.223714,
66.0914,0.164754,
73.1868,0.146264,
69.0904,0.165503,
71.3434,0.246881,
22.7527,0.455174,
21.3068,0.247286,
73.9922,0.319166,
69.0607,1.71431,
24.0513,0.61145,
79.8299,0.728146,
131.008,2.00306,
85.7067,0.179506,
72.9838,0.16564,
23.6955,0.531215,
24.815,0.137475,
76.8609,0.127222,
75.9347,0.176503,
75.2514,0.0844838,
22.2755,0.17448,
25.8467,0.109506,
25.5609,0.130559,
25.6192,0.146153,
94.0569,1.37554,
79.8628,0.303439,
71.4339,1.22976,
73.1053,0.424472,
93.9867,1.50969,
36.7973,0.493359,
107.553,0.523872,
35.5885,0.256856,
37.2067,0.209971,
37.4299,0.476262,
34.3308,0.803682,
42.9118,0.633856,
65.7098,0.226713,
106.244,0.117949,
80.5678,0.233524,
79.0149,0.121984,
78.7253,1.08139,
26.6514,0.149149,
70.8131,0.194747,
32.72,0.791035,
83.8953,0.857966,
35.2558,0.298022,
70.0939,0.260991,
24.7392,0.142877,
23.9256,0.316951,
67.8916,0.270094,
72.7456,2.0136,
23.9691,0.530335,
24.1746,1.35564,
23.7384,0.273526,
67.3671,0.146544,
23.1407,0.471358,
25.4743,0.255003,
29.2484,0.279399,
21.0603,0.870677,
20.8258,1.09437,
78.1311,0.210294,
27.691,2.81016,
21.5453,0.250414,
22.6936,0.512627,
28.7704,0.647787,
84.4879,0.578527,
73.54,0.339595,
76.553,0.518568,
23.8842,1.01952,
23.3258,0.279899,
23.1092,0.355687,
35.4876,0.675342,
80.1323,0.700693,
71.3808,4.52024,
23.2086,0.545392,
67.3432,0.647439,
21.444,0.47361,
21.8654,0.31044,
21.8243,4.95655,
67.5282,0.541552,
22.3645,1.03121,
31.7303,2.42164,
25.3964,1.22914,
25.5064,0.903529,
82.1281,0.638517,
90.3662,0.626815,
27.9402,0.480395,
88.8067,0.690638,
29.5181,0.349598,
29.4568,0.408433,
88.6072,0.423269,
29.3356,0.719022,
31.4724,0.279136,
93.5445,0.463393,
29.2424,0.525019,
85.4895,0.793116,
152.397,0.403769,
161.902,0.552996,
87.096,0.285348,
148.904,0.5377,
98.1115,0.532369,
173.716,0.539296,
154.311,0.441308,
40.5932,0.36913,
42.7101,0.518124,
43.1763,0.566575,
109.818,0.626542,
115.785,0.510848,
32.4638,0.274072,
42.6832,0.843853,
37.5735,0.572311,
109.942,0.772321,
55.2637,0.470763,
34.5406,0.316527,
33.0797,0.24797,
131.503,2.03888,
42.8998,0.384638,
45.3023,0.475709,
209.749,0.178478,
47.3377,0.201589,
124.588,0.298531,
76.7411,0.247347,
52.7927,0.624727,
54.3735,0.254543,
118.298,0.256521,
106.622,0.714639,
100.922,1.27813,
32.0706,0.174472,
32.9241,0.569668,
95.6564,0.313879,
99.5452,0.278694,
29.2579,0.386989,
131.735,0.230992,
102.155,0.793822,
63.3343,0.186771,
30.0252,0.393313,
133.291,0.324074,
32.3365,0.699154,
130.212,0.212208,
31.5266,0.52467,
66.2081,0.28411,
94.8531,0.453126,
57.0225,0.183353,
92.7451,0.509842,
60.2915,0.276115,
129.185,0.392516,
33.5154,0.421171,
47.8081,0.236717,
103.309,0.37799,
29.6495,0.344104,
85.6961,0.453343,
86.3708,0.271494,
94.6675,0.696415,
32.5201,0.517858,
92.0716,0.383791,
40.4889,0.560393,
30.8595,0.341982,
29.627,0.403444,
28.6727,0.247992,
90.6466,0.81808,
28.0679,0.868376,
41.0715,0.309336,
30.2309,0.769662,
29.3486,0.525137,
31.3959,0.532636,
28.617,0.287807,
87.6247,0.714294,
96.9078,0.446934,
31.4914,0.470255,
92.4692,1.02754,
30.4281,0.479353,
101.362,0.655796,
166.858,0.38899,
97.8385,0.880626,
33.5339,0.460513,
33.8707,0.520931,
113.381,0.422602,
35.6989,0.4127,
32.7901,0.21006,
54.7807,0.322818,
110.513,0.393485,
112.037,0.478439,
35.9081,0.230902,
101.434,0.304864,
46.6932,0.48281,
125.472,0.484506,
47.2134,0.264601,
33.793,0.631618,
35.9039,0.601136,
32.3919,0.429731,
32.0217,1.9209,
42.0361,0.647979,
31.7962,0.574309,
109.576,1.09451,
35.3587,1.39505,
48.2413,0.866742,
133.002,0.351252,
35.7497,0.356308,
31.1243,0.364771,
30.6918,0.380064,
110.097,1.51487,
40.6018,0.338588,
40.7658,0.369981,
39.2947,0.472936,
121.8,0.436332,
118.027,0.414218,
41.1009,0.462605,
40.4003,0.381739,
141.367,0.527478,
212.579,0.341034,
91.9181,0.304432,
92.3175,0.232339,
102.969,0.309984,
102.91,0.740081,
100.449,0.448031,
116.447,0.3763,
102.88,0.668097,
33.9846,0.407771,
33.3794,0.302975,
94.8456,0.467547,
31.3491,0.8156,
120.61,1.23101,
114.788,0.719683,
34.3286,0.266243,
120.757,0.272346,
125.776,0.36979,
124.649,0.460107,
53.5772,0.320002,
38.4702,0.616125,
38.1196,0.769448,
36.8295,0.327844,
33.9098,0.386993,
38.7228,0.516062,
37.8308,0.347158,
115.658,0.457758,
113.937,0.279606,
44.271,0.279547,
50.28,0.282927,
102.834,0.363151,
34.4491,0.276363,
33.5483,0.330555,
103.899,0.272057,
100.812,0.45846,
103.763,0.335507,
46.4089,0.322024,
123.172,0.303001,
34.9399,0.371283,
31.8826,0.313261,
33.9101,0.515614,
97.4544,0.662896,
96.5885,0.458106,
41.5437,0.393586,
32.3114,0.406345,
35.4347,0.268843,
32.0713,0.51151,
31.5186,0.369418,
103.34,0.48319,
103.493,0.299414,
30.2038,0.27997,
92.5499,0.542215,
31.6001,0.307719,
93.6565,0.468152,
37.8823,0.431574,
29.3045,0.31373,
30.4685,0.65196,
57.1279,0.554935,
27.9504,0.264144,
58.8553,0.509014,
105.144,1.09605,
39.201,0.543207,
93.1322,0.369819,
29.8645,0.877164,
134.121,0.351441,
29.9901,0.458348,
127.771,0.4002,
34.8018,0.491157,
136.538,0.232973,
35.6603,0.506613,
133.387,0.283008,
30.3722,0.396202,
57.8032,0.325647,
106.02,0.393914,
61.146,0.267633,
98.4637,0.742549,
124.446,0.243143,
115.531,0.555969,
56.6289,0.325468,
30.63,0.316213,
60.1863,0.218997,
38.7513,0.35925,
147.974,0.254471,
37.5273,0.365824,
149.954,0.466687,
117.793,0.425401,
64.7979,0.25399,
106.634,0.231491,
141.486,0.264234,
35.8995,0.398875,
53.6516,0.207553,
23.0725,0.324143,
46.9657,0.297521,
22.2846,0.549904,
67.271,0.223858,
22.3628,0.274859,
25.2789,0.315692,
21.3258,0.348132,
21.7971,0.28639,
63.0996,0.414889,
21.2318,7.33509,
21.8233,0.508706,
68.1254,1.55885,
23.8477,0.334434,
77.2327,0.551314,
61.5376,0.522198,
23.7662,0.666282,
68.8535,0.431304,
20.0901,0.557325,
70.6946,0.319305,
117.048,0.272541,
118.041,0.34453,
111.812,0.268845,
76.5181,2.26338,
77.3574,0.476213,
111.067,0.487022,
67.9945,0.359978,
119.159,0.895557,
19.1886,0.2565,
21.3946,0.527477,
25.0877,0.835996,
32.0002,0.229331,
103.32,0.188544,
69.2924,2.69501,
37.4164,0.32501,
19.2399,0.879563,
66.034,0.369002,
59.87,0.234137,
19.9704,0.311393,
104.935,0.245688,
18.73,0.178221,
32.0615,0.154986,
22.1469,0.195278,
59.0352,0.106746,
24.5352,0.332269,
22.63,0.135171,
33.7412,0.765604,
24.4888,0.287769,
24.8949,0.347569,
22.1943,0.206263,
68.3262,0.550544,
75.5267,1.37088,
77.9064,0.62469,
25.976,0.223714,
26.3195,0.178057,
24.4207,0.130204,
76.0188,0.163814,
25.9762,0.702729,
34.5798,0.236905,
28.1907,0.169133,
43.209,0.164357,
77.3158,0.124643,
160.277,0.206431,
79.3387,0.647206,
75.5362,0.294717,
25.0239,0.22122,
138.534,0.140752,
88.3253,0.214072,
27.6845,0.739235,
22.8518,1.17681,
26.2772,0.216231,
77.3333,0.232522,
22.5959,0.201043,
22.4251,0.260732,
118.375,0.322268,
68.5697,0.133418,
22.112,0.209872,
74.9971,0.109117,
21.9963,0.2001,
66.5127,0.286581,
21.7887,0.128903,
20.9115,0.148161,
65.9751,1.09589,
63.6202,0.181156,
112.512,0.207975,
20.9462,0.277176,
25.8899,0.720812,
23.1163,0.644263,
76.2948,2.64777,
54.9153,0.489349,
35.4993,1.39934,
57.5465,0.831611,
84.4669,2.42207,
107.902,0.177442,
38.75,0.330858,
115.547,0.227214,
28.667,0.281553,
51.5673,0.118274,
28.977,0.166487,
96.0076,0.415442,
31.3066,0.254822,
42.3761,0.140615,
98.6653,0.137025,
46.4067,0.195458,
57.4055,0.198125,
96.0938,0.232303,
42.7505,0.31269,
48.0675,0.156554,
39.7838,0.162734,
95.5631,0.194893,
114.382,0.164614,
93.414,0.163264,
95.2238,0.219137,
43.1443,0.24898,
66.54,0.255348,
80.8652,0.348436,
42.5853,0.249021,
41.664,0.108385,
38.334,0.163593,
37.4733,0.200508,
47.4711,0.124762,
26.1624,0.22614,
45.5886,0.137708,
29.6605,0.273552,
46.3146,0.149594,
26.8333,0.225071,
51.281,0.121333,
81.4955,0.175393,
110.527,0.314795,
91.8364,0.587791,
58.9149,0.132655,
28.8993,0.15647,
110.474,0.439474,
25.4167,1.21236,
58.585,0.25867,
88.009,0.235611,
25.9652,0.14297,
76.3266,0.221565,
25.2907,1.19938,
27.9289,1.84178,
32.8374,0.211225,
25.2777,0.211952,
30.4526,0.22396,
22.4698,0.40181,
65.865,0.387379,
68.8011,0.291166,
74.9669,0.211236,
70.902,0.388683,
78.1929,0.523335,
19.4305,0.148832,
27.1533,0.135005,
19.7884,0.207687,
21.1893,0.102111,
73.6106,0.217792,
73.1485,0.234549,
18.6919,0.208722,
30.6358,0.158523,
92.6321,0.268012,
29.7393,24.9956,
22.748,0.415268,
67.354,2.30658,
64.0223,1.38284,
73.5488,0.31744,
23.6983,0.17378,
65.9712,0.406017,
66.8786,0.183847,
23.1172,0.674662,
74.4283,0.855963,
21.1115,0.329678,
64.27,0.3707,
22.6084,0.189187,
64.7322,0.142699,
21.8086,0.243856,
100.812,0.152729,
32.0075,0.141379,
58.7207,0.574315,
19.9232,0.104504,
60.3809,0.173249,
70.3429,0.188723,
101.684,0.160668,
19.2961,0.241363,
63.3238,0.248351,
19.6727,0.17043,
66.1814,0.14498,
60.2758,0.197679,
26.8308,0.255744,
58.6116,0.404363,
92.7922,0.125929,
23.6717,0.380834,
95.6939,0.20946,
18.9409,0.428866,
55.3289,0.147546,
55.4142,0.154724,
54.6445,0.552259,
18.8642,0.327887,
66.2932,0.237962,
56.3132,0.585665,
55.0504,0.381019,
70.2371,0.13619,
23.6558,0.126912,
57.6032,0.165912,
57.6345,0.152362,
24.8146,0.151118,
18.4431,0.152248,
71.4798,0.123566,
23.7435,1.27891,
89.2575,0.123487,
124.39,0.140721,
85.3303,0.140972,
28.589,0.101786,
88.3489,0.200305,
120.673,0.0982135,
117.981,0.262928,
17.7972,0.765894,
18.8163,0.161879,
103.899,0.192504,
70.2592,0.0967183,
91.9716,0.251052,
62.5352,0.418749,
19.7218,0.146772,
60.4812,0.156066,
68.943,0.184949,
76.7047,0.201807,
22.8327,0.501108,
18.6603,0.14883,
57.7496,0.204961,
119.034,0.390681,
76.8307,1.12057,
71.403,0.276779,
71.0805,0.141709,
84.2477,0.373155,
102.657,0.181186,
71.4981,0.776636,
106.707,7.45867,
22.5712,0.61007,
23.8097,0.604395,
21.7721,0.284132,
65.8081,0.253152,
24.3444,0.129998,
94.8881,0.170551,
28.6433,0.156835,
109.894,0.183448,
25.2914,0.130778,
67.1793,0.0977497,
27.9633,0.126965,
27.0325,0.222052,
25.0852,0.111233,
20.4386,0.114917,
73.3072,0.13105,
69.7488,0.117841,
31.2079,0.17749,
67.8215,0.199078,
37.5715,0.125483,
30.1846,0.1169,
28.2765,0.168003,
63.4708,0.132203,
73.9014,0.182379,
70.1713,0.641728,
74.5818,0.209597,
69.113,0.150116,
70.0423,0.367522,
24.9033,0.179695,
34.8117,0.34574,
92.744,0.240071,
84.9388,0.399291,
28.2138,0.24755,
100.86,0.193251,
28.668,0.220557,
35.138,0.231767,
85.163,0.170407,
97.5025,0.167321,
161.538,0.304075,
95.9028,0.179121,
31.0235,0.126423,
31.7551,0.118754,
31.9208,0.25307,
31.507,0.156965,
32.0268,0.169737,
31.6262,0.142967,
170.001,0.156808,
109.73,0.283416,
94.4644,0.193326,
29.1541,0.205859,
131.091,0.397432,
105.334,0.185242,
31.062,0.276801,
146.999,0.22682,
27.0982,0.254594,
56.0282,0.290921,
25.9627,0.136173,
29.2795,0.135863,
33.9398,0.147654,
93.5619,0.107532,
100.86,0.164664,
32.6643,0.166804,
30.7203,0.14443,
86.8163,0.151343,
32.6172,0.109127,
104.562,0.136499,
88.0678,0.0817188,
65.7827,0.0843915,
28.9336,0.139978,
20.6949,0.189862,
19.5891,0.117341,
20.2597,0.397449,
107.462,0.229504,
21.1681,0.189555,
30.4888,0.388479,
58.4013,0.229893,
63.4815,1.35126,
24.9842,0.378992,
19.322,0.170039,
17.7546,0.169906,
19.5757,0.203655,
61.2097,2.65363,
66.4694,0.322752,
62.6488,6.44365,
20.1584,0.153073,
54.4512,0.117607,
34.11,0.141066,
51.3241,0.120139,
21.0955,0.574235,
63.0766,0.683607,
19.516,0.376405,
56.4501,4.95739,
65.2774,1.01253,
78.0075,0.20345,
37.453,0.182451,
58.5047,0.649644,
21.3694,0.298187,
21.5803,0.470867,
19.7333,0.265961,
68.5671,0.174376,
64.6342,0.190183,
19.7401,0.260849,
59.1012,0.382956,
65.74,0.217908,
62.0334,0.257107,
67.6534,5.15377,
75.1988,1.21286,
105.105,0.327076,
19.8212,0.196262,
22.3144,0.494552,
59.6185,0.166656,
19.4301,0.437659,
19.5261,0.137205,
22.3989,0.388865,
21.5007,1.25426,
22.5473,6.71762,
23.6517,1.0635,
29.1889,0.936131,
30.0859,0.406756,
76.6921,0.30815,
85.3667,0.19873,
79.1853,0.473856,
24.9939,0.160796,
47.1903,0.129061,
81.7464,0.263225,
32.3746,0.098836,
27.97,0.148734,
75.0335,0.122124,
73.8795,0.21199,
76.6606,0.577997,
26.5217,0.131691,
23.7357,3.0337,
71.3571,0.41178,
77.1696,0.442022,
30.8303,0.142934,
23.7615,2.41012,
23.9521,0.40903,
24.8168,0.371601,
23.3047,0.187143,
22.9947,0.164979,
20.6045,0.123559,
40.0258,0.143455,
23.6165,0.159012,
22.0038,0.111236,
88.9819,0.819974,
25.4961,0.166123,
85.1556,0.780565,
82.868,0.146096,
36.0146,0.085576,
29.2531,0.287181,
29.0666,0.1546,
102.612,0.120443,
91.9361,0.137319,
31.0639,0.207049,
44.4896,0.208979,
67.979,0.274567,
70.434,0.255489,
95.8451,0.202596,
25.5075,0.338409,
22.8175,0.384417,
68.9502,0.112265,
23.3476,0.203133,
78.4775,0.47975,
117.009,1.5451,
24.0318,0.478741,
84.1808,0.304805,
39.5768,1.76356,
70.6139,0.197918,
24.0828,0.157089,
27.093,0.829559,
76.9798,0.168126,
24.4801,0.161291,
79.4868,0.149026,
26.3738,0.572954,
33.7174,0.161982,
91.7233,0.127073,
94.5592,0.0885723,
30.6795,0.106126,
81.2123,0.130875,
26.2857,0.791196,
79.7761,0.368347,
25.2941,0.130011,
75.9167,0.205157,
75.6667,0.281079,
76.7909,0.461057,
100.17,0.62344,
30.9387,1.89306,
88.1097,1.36688,
29.7081,0.271523,
41.8488,1.43223,
96.2159,0.519276,
34.6243,0.264518,
32.0215,0.330171,
37.6204,0.12584,
113.759,0.202613,
33.6295,0.164233,
100.297,0.180543,
37.7411,0.195891,
105.823,0.112806,
104.472,0.147561,
34.4143,0.169649,
34.8546,0.202057,
101.573,0.151651,
33.691,0.12422,
99.203,0.275831,
115.009,0.232073,
104.348,0.187618,
33.426,0.153158,
107.607,0.184986,
34.6863,0.132314,
118.686,0.35971,
32.9255,0.194791,
33.2676,0.126621,
114.592,0.190583,
32.3649,0.0975999,
89.9284,0.544509,
91.4228,0.133223,
29.1914,0.151488,
28.429,0.128046,
86.1915,0.152709,
75.3357,0.0960965,
32.9122,0.149897,
69.8558,1.21569,
67.819,0.108323,
69.5319,0.76456,
23.4138,0.145323,
72.676,2.0155,
75.0531,0.69292,
79.567,1.55562,
25.5334,0.684131,
78.3296,0.116106,
97.2356,0.153653,
123.35,3.80957,
32.2858,0.282956,
106.729,0.289285,
100.843,0.152584,
111.394,0.197829,
45.8378,0.148204,
32.7481,0.0695877,
97.8469,0.107482,
30.477,0.101336,
21.3252,0.0658659,
29.8906,0.0680244,
21.2331,0.225846,
20.7972,0.102379,
68.5114,0.108833,
62.777,0.0683373,
19.8673,0.16989,
19.5144,0.0848294,
19.6384,0.143263,
57.9171,0.110939,
98.2837,0.152123,
100.147,0.0651954,
27.0303,0.329717,
27.0172,0.115656,
27.9649,0.162956,
33.6528,0.133255,
28.9633,1.13968,
72.1029,0.128064,
22.417,0.279269,
24.0487,1.21846,
87.0243,0.319246,
73.3738,0.678476,
80.7096,0.23487,
69.3656,0.192155,
21.4406,0.180719,
30.7856,0.248687,
75.1422,0.940656,
22.6268,0.163608,
25.2035,0.200155,
22.8776,0.256548,
22.5132,1.74698,
32.1884,0.184222,
33.0233,0.528972,
32.6539,0.623123,
23.1022,0.292824,
21.5027,0.216336,
22.0742,0.696909,
69.0602,0.660875,
22.7031,0.163586,
116.081,0.311421,
80.6231,4.89979,
78.4345,0.190901,
24.5081,0.131774,
24.2306,0.497658,
28.0126,0.289456,
29.0142,0.169372,
24.5258,0.0896741,
23.8125,0.167969,
23.1846,0.160467,
28.4328,1.60164,
20.3752,0.146195,
118.322,0.185483,
60.9455,0.0952114,
18.5747,0.169763,
60.2531,0.393931,
19.6168,0.193016,
19.0021,0.158725,
61.8312,0.181045,
19.1694,0.194187,
19.2318,1.09043,
19.8522,0.195402,
57.1324,0.145425,
17.7167,0.1889,
55.555,0.233009,
21.931,1.20586,
18.3218,0.150153,
53.936,0.214506,
17.6277,0.152052,
17.9487,0.106586,
16.878,0.119506,
16.8047,0.101243,
17.9525,0.184947,
61.671,0.311962,
111.207,66.8965,
22.9957,0.813669,
75.8932,0.384162,
22.4666,0.206205,
70.9432,0.168707,
70.8546,0.249511,
72.0138,0.234878,
22.232,0.235668,
30.3057,0.115229,
63.6054,0.225874,
21.211,0.120093,
19.53,0.123269,
60.2407,0.122234,
21.5803,4.19925,
20.4039,0.498449,
71.9544,0.341676,
21.4164,0.473252,
76.1981,0.336189,
118.444,0.215749,
20.9325,0.128557,
81.2103,0.097803,
22.6154,1.21861,
26.5836,0.12572,
28.0144,0.116349,
26.1816,0.111478,
80.4615,0.104324,
25.6927,0.154466,
31.3034,0.110134,
26.7466,0.209273,
26.5811,0.109529,
84.0984,0.156744,
28.204,0.11034,
81.7646,0.154939,
20.5974,0.169762,
22.1241,0.237695,
67.3974,0.14837,
21.2276,0.135614,
61.6876,0.138148,
74.0963,0.110026,
25.0403,0.0913605,
21.8425,0.063009,
111.656,0.569094,
21.303,0.098681,
72.5179,0.103807,
82.6486,1.63457,
22.3913,0.169046,
68.7935,0.641021,
19.7385,3.01927,
60.5655,0.2712,
19.4135,0.751835,
20.1511,0.242168,
21.421,0.685073,
24.2968,0.12814,
23.561,0.12356,
23.1167,0.111494,
76.7052,0.167037,
69.1271,0.0993998,
26.5779,0.134603,
30.4902,0.0960471,
22.2086,0.090554,
20.9963,0.529423,
62.3083,0.275658,
28.6379,0.440967,
62.6133,0.29523,
60.9121,0.214617,
18.324,0.340392,
56.3055,0.141144,
29.9422,0.133605,
22.4719,0.109619,
57.5831,0.244235,
20.0292,0.168391,
63.149,0.247785,
66.7027,0.14132,
20.9918,0.164586,
21.0386,0.154596,
23.5316,0.136389,
78.0991,0.207667,
21.803,0.202268,
22.0121,0.360477,
75.294,0.573129,
22.561,0.200281,
22.5899,0.148687,
32.949,0.542869,
29.5503,0.208569,
70.8225,0.103359,
66.941,0.324422,
111.262,0.238952,
70.8609,0.179418,
21.825,0.248471,
38.5858,0.434356,
74.7671,0.156861,
86.5811,1.29679,
41.4136,0.126973,
42.6932,2.4861,
25.7221,0.215519,
21.9319,0.165149,
21.9915,0.186478,
25.5348,0.429394,
89.1928,0.11342,
71.4662,0.25292,
83.3038,0.190384,
26.2807,0.143271,
48.6611,0.0967783,
32.0245,0.421885,
96.6339,0.220876,
76.574,0.699638,
59.9715,0.127253,
24.1777,0.220303,
90.5844,0.198858,
70.0221,0.374603,
53.1061,0.107189,
114.06,0.287601,
119.622,0.221134,
91.6359,0.497405,
49.9868,0.46633,
114.19,1.81819,
119.239,0.454641,
33.5035,0.520622,
126.028,0.12481,
90.8693,0.200747,
90.488,0.1444,
74.8067,0.250031,
39.377,0.180088,
95.4308,0.216585,
108.543,0.183062,
25.2194,0.413308,
45.5565,0.133819,
28.1935,0.21965,
46.1312,0.167346,
25.4298,0.258492,
101.199,0.276813,
82.9648,0.527949,
98.1119,0.143034,
25.8756,0.206868,
55.4009,1.73403,
28.0684,4.14253,
111.3,0.152497,
28.0804,0.14948,
88.8074,0.220286,
36.4189,0.165605,
42.2988,0.208921,
44.8794,0.418122,
24.3967,0.15083,
81.286,0.207234,
33.4422,0.422798,
32.6913,0.175003,
20.537,0.560415,
31.3614,0.823546,
26.4744,0.682146,
24.5834,0.367917,
27.8915,0.882049,
21.8242,1.13256,
70.1684,0.294091,
41.2731,0.149913,
61.3816,0.214441,
29.1191,0.220575,
59.8135,0.134672,
19.9572,0.268472,
56.8966,0.282169,
20.9727,0.173274,
21.3489,0.192093,
19.1281,0.204141,
31.8278,0.129897,
21.0455,0.197433,
18.9347,0.240958,
19.6725,0.836984,
20.9845,0.595412,
67.355,0.703593,
67.3853,0.656452,
71.3727,1.29993,
71.1845,0.333671,
85.585,0.392428,
25.8377,0.206372,
28.3855,0.212344,
24.7977,0.186286,
87.4645,0.202143,
28.3425,0.782659,
28.536,0.168521,
26.9035,0.734849,
27.7514,0.201943,
77.0436,0.275145,
78.5824,0.130731,
24.9798,0.324291,
81.0313,0.202238,
26.1235,0.461346,
26.6684,0.112776,
24.9149,0.0838586,
144.127,0.234436,
134.811,0.0932194,
76.7882,0.205387,
75.7843,0.222123,
80.0824,0.139958,
25.0997,0.121637,
25.0619,0.231687,
23.0272,0.140913,
31.0656,3.11298,
73.2021,0.257494,
112.778,0.664637,
32.9295,0.200088,
48.6124,0.22009,
35.1534,0.201719,
99.7666,0.239141,
33.0254,0.263413,
107.057,1.54695,
97.9417,0.204741,
31.6286,0.111026,
84.4122,0.19499,
76.4466,0.22876,
25.6584,0.206195,
81.1552,0.390507,
23.1948,0.604456,
23.5499,0.154934,
23.401,0.233214,
23.7759,0.194498,
71.3706,0.180268,
79.0574,0.164894,
23.5204,0.218462,
28.0199,0.149957,
23.0873,0.28039,
23.9293,0.166898,
68.9681,0.150266,
24.7731,0.161977,
23.2633,0.196714,
25.6987,0.55093,
22.9137,0.14383,
23.2507,0.366032,
21.9159,0.191223,
27.326,0.509343,
23.967,1.06999,
24.0395,0.321222,
23.5677,0.114645,
134.315,0.221481,
24.1369,0.102036,
81.3925,0.131699,
24.6564,0.085117,
77.6128,0.111397,
74.3357,0.147749,
70.2812,0.0957941,
74.6372,0.398832,
97.484,0.23568,
32.8305,0.207295,
70.5307,0.144526,
22.8791,0.319218,
95.6396,0.317272,
24.5215,0.267677,
26.7001,0.174759,
24.2319,3.32574,
25.8443,0.923264,
33.5758,0.279934,
76.9369,0.172861,
77.3919,0.845837,
31.1213,0.520165,
25.6801,0.40424,
24.5758,0.236987,
30.7188,0.410407,
23.7129,0.158059,
73.8104,0.849471,
76.9657,0.156769,
24.3245,0.308604,
83.3801,0.241905,
80.3471,0.192391,
79.3268,0.495529,
83.8511,0.300919,
104.271,0.445246,
93.8724,0.257783,
30.0858,0.195248,
36.8023,0.19526,
42.5556,0.173286,
31.1519,0.112397,
94.3943,0.120119,
29.8113,0.150882,
105.796,0.125204,
104.232,0.269237,
92.0961,0.222236,
29.2206,0.150062,
49.4879,0.320197,
29.986,0.113844,
86.7493,0.107624,
30.3893,0.165124,
34.3862,0.121541,
100.203,0.126947,
30.6808,0.222039,
32.9525,0.0994694,
30.5679,0.503762,
39.0261,0.133511,
118.611,0.248222,
39.0395,0.136834,
139.004,0.163407,
41.2377,0.148149,
40.1055,0.107611,
41.2448,0.130745,
40.8424,0.122932,
197.179,0.0918271,
36.6435,0.107577,
104.013,0.11371,
29.6836,0.309515,
39.9918,0.113284,
30.2928,0.261254,
28.7967,0.133771,
86.2166,0.236392,
26.6409,0.112052,
35.4025,0.174258,
26.8324,0.255869,
28.0631,0.238186,
29.163,0.149463,
24.3337,0.118559,
25.9395,0.120219,
25.6146,0.120712,
77.614,0.119492,
77.2692,0.106639,
74.1739,0.158554,
71.2134,0.121429,
68.0943,0.214448,
66.5067,0.155051,
68.6701,0.28301,
65.1079,0.118289,
106.964,0.276445,
20.0949,1.70307,
68.316,0.526496,
69.2606,0.284416,
62.9455,0.29621,
28.1908,0.254331,
20.3934,1.36532,
69.9074,1.16192,
33.7397,0.21378,
21.6743,0.271594,
37.292,0.190343,
69.7322,0.168267,
21.3267,0.121849,
20.7439,0.344936,
21.1931,1.16927,
23.8923,0.144234,
71.674,0.266628,
81.1117,0.218285,
124.891,0.319245,
25.1675,0.225098,
25.0892,3.62557,
78.3344,1.2752,
34.6609,0.494331,
38.3575,0.255468,
126.033,0.246478,
23.2732,0.260338,
33.3368,0.185901,
24.3986,0.27022,
41.8731,0.386334,
75.2775,0.456448,
74.3362,0.241475,
80.8922,0.185587,
78.7794,0.22542,
71.0586,0.250359,
22.7828,0.141284,
25.6707,0.186161,
84.6639,0.232558,
23.2243,0.496569,
68.7311,0.085691,
84.699,0.125587,
89.6804,0.275809,
74.8683,0.0844684,
23.527,0.164363,
89.0913,0.196739,
74.4714,0.240252,
23.0447,0.102676,
75.0401,0.396201,
31.8784,0.0915925,
23.0473,0.325351,
22.9711,0.140329,
120.867,0.235769,
24.1713,0.0770882,
76.4032,0.186946,
32.756,0.135085,
68.2354,0.727755,
23.8908,0.224015,
36.6806,0.118562,
23.9668,0.25683,
22.1815,0.144532,
130.84,0.320623,
33.1758,0.11911,
78.957,0.165254,
25.9986,0.141177,
84.1277,0.104459,
23.0006,0.111455,
68.4086,0.172167,
70.8712,0.169629,
78.4252,0.204701,
66.1664,0.170497,
62.3311,0.205057,
21.9023,0.159834,
23.3994,0.205831,
19.7383,0.577069,
61.3416,0.223824,
62.5402,0.456312,
74.4031,0.221889,
18.9235,0.316068,
19.1267,0.132131,
58.7495,0.453473,
67.2537,0.179114,
103.92,0.36485,
69.5472,0.145093,
22.6173,0.159946,
23.9392,0.494697,
25.4482,0.25295,
68.179,0.153957,
31.1276,0.239991,
76.9533,1.18052,
25.2011,0.531902,
78.9926,4.03773,
108.467,0.204047,
84.0782,0.479357,
50.0561,1.42263,
33.3146,3.10057,
46.184,0.16085,
28.7692,0.17935,
102.156,0.106624,
87.4478,0.120308,
43.029,0.0969532,
29.8299,0.195131,
44.1263,0.187328,
54.8797,0.137505,
26.6277,0.254634,
102.223,0.267199,
55.8452,0.214431,
84.153,0.229488,
98.5847,0.546852,
127.544,0.11045,
39.9168,0.201068,
40.0947,0.346382,
63.6568,0.188948,
31.4357,0.36932,
48.7113,0.111371,
90.1766,0.207984,
44.7726,0.0953377,
33.6107,0.105643,
61.7406,0.222722,
29.0115,0.230355,
123.827,0.235171,
32.3501,0.118801,
104.402,0.194314,
28.6426,0.178127,
28.4035,0.162217,
94.6518,0.309074,
29.7319,0.160288,
27.7696,0.385046,
90.3338,0.183753,
28.5208,0.188397,
93.3543,0.169303,
27.4019,0.178442,
83.9703,0.135423,
47.6609,0.678991,
90.0789,0.214218,
91.9298,0.14784,
36.943,0.118006,
86.3084,0.236426,
26.0503,0.194183,
25.616,0.224727,
78.4865,0.468032,
82.4763,0.245346,
31.185,0.169858,
29.4951,0.22988,
75.6367,0.159805,
23.3222,0.240003,
124.177,0.479625,
28.7844,0.823774,
23.1239,0.28502,
72.336,0.233257,
72.2156,0.246285,
23.5636,0.272385,
23.4695,0.188947,
75.6409,4.02029,
22.9455,0.605938,
22.2629,0.240514,
22.5663,0.233476,
52.7195,0.645457,
25.49,0.539195,
69.8036,0.476357,
71.7162,0.401251,
81.3629,0.358617,
26.1667,0.275445,
34.3616,0.26979,
33.9227,0.179531,
42.6455,0.193394,
33.1601,0.418697,
33.4383,0.299824,
33.464,0.149356,
33.8589,0.316013,
106.609,0.239947,
40.4182,0.160234,
31.3995,0.289631,
24.27,0.157532,
73.6669,0.154269,
71.2969,0.123362,
82.423,0.365392,
89.1305,0.122773,
27.0649,0.708421,
36.1548,0.213996,
27.3909,0.304482,
31.7647,0.179758,
28.4893,0.153131,
27.7827,0.260318,
27.7677,0.241648,
40.3931,0.201287,
39.3113,0.191062,
90.2686,0.39351,
145.354,0.313817,
28.6935,0.182379,
87.3183,0.147908,
32.4198,0.179012,
28.1485,0.255322,
34.1822,0.21108,
29.6764,0.182668,
29.4881,0.161584,
96.8923,0.191676,
35.3199,0.269696,
101.547,0.186056,
98.8988,0.129661,
32.0654,0.137779,
111.68,0.186762,
172.421,0.28864,
95.0147,0.306002,
90.3021,0.741697,
95.6521,0.301584,
100.882,1.87662,
97.5981,1.46747,
31.636,0.161451,
32.6601,0.123662,
31.7378,0.298794,
28.7555,0.479434,
36.9102,0.237497,
95.0091,0.178671,
113.673,0.244408,
91.0072,0.135079,
182.762,0.286782,
31.2668,0.411118,
33.3823,0.304405,
101.698,2.31868,
31.2588,0.886909,
31.351,0.190441,
32.8098,0.921632,
33.0789,1.50044,
33.6265,0.712732,
34.4545,0.245777,
34.4428,0.307219,
92.3929,0.3353,
99.2548,0.144371,
39.9378,0.893817,
29.6129,0.236211,
29.2969,0.372947,
31.1555,0.456578,
32.8089,0.267558,
28.9187,0.185484,
87.8613,0.254723,
26.5573,1.26279,
28.5998,0.182365,
28.5937,0.443909,
27.0443,0.641089,
81.0451,0.180798,
25.1117,0.187777,
35.9942,0.222521,
32.7565,0.771043,
33.0073,0.775153,
25.81,0.195528,
25.1954,0.229594,
23.7546,0.622808,
22.805,0.63363,
26.7517,0.158109,
39.7909,0.179052,
28.6049,0.22739,
31.6906,0.212888,
31.3108,0.332831,
100.307,0.223148,
30.3702,0.17942,
105.301,0.114616,
171.501,0.181391,
31.5637,0.191719,
28.7141,0.25215,
67.5798,0.375922,
77.6434,0.157521,
23.6634,2.54908,
22.5493,0.736704,
69.8719,0.416221,
27.3294,0.189909,
67.1379,0.179897,
66.2167,0.165742,
64.3628,0.316289,
23.4013,0.302468,
22.7234,0.145341,
27.6083,0.203376,
23.6771,0.172917,
75.406,0.165405,
33.1201,0.360997,
24.115,0.145417,
23.8443,0.318098,
75.3963,0.220714,
23.7661,0.148684,
80.7674,0.305503,
23.9462,0.258128,
35.1981,0.18235,
83.0611,0.345716,
30.6136,0.448952,
80.4688,0.273808,
27.0977,0.239093,
31.4013,1.42153,
27.0497,0.287493,
26.9806,0.2184,
29.5333,0.438783,
29.5086,0.396787,
90.6918,0.383604,
28.3241,0.135087,
29.8839,0.323335,
29.823,0.29925,
87.075,0.278772,
87.7073,0.250956,
89.6018,0.469358,
87.8534,0.26962,
90.3338,0.410297,
26.8181,0.334986,
84.7077,0.184612,
28.4438,0.220732,
85.6223,0.28998,
41.8377,0.145891,
84.0713,0.188634,
26.6569,0.445803,
26.7436,0.634493,
31.7817,6.00451,
84.8417,0.419195,
29.6668,0.319428,
24.3189,0.24139,
24.4134,0.364125,
40.6943,0.729379,
86.082,0.462017,
80.3137,0.297579,
87.2395,0.314014,
32.5127,1.24728,
30.2532,0.231949,
46.8437,0.641882,
28.8875,0.591222,
163.283,0.476168,
91.7406,0.271216,
99.4876,0.161159,
101.086,0.210801,
34.9075,0.168878,
42.4864,0.178309,
40.6172,0.24244,
38.8235,0.363724,
38.5529,0.154595,
95.5267,0.211248,
41.1101,0.139931,
29.3833,0.412193,
32.395,0.30587,
45.2722,0.224258,
55.2692,0.412482,
29.9706,0.130147,
51.6932,0.109773,
114.65,0.150002,
111.941,0.124161,
55.396,0.183422,
115.623,0.151244,
107.89,0.354682,
101.183,0.138532,
96.9915,0.206156,
163.236,0.133589,
26.5455,0.188695,
155.217,0.573927,
92.3636,0.266709,
99.2464,0.768438,
31.5867,1.452,
117.893,0.920291,
101.512,0.167088,
102.991,0.333615,
30.1899,0.193914,
94.0235,0.468248,
90.8663,0.340677,
36.8426,0.201929,
32.5557,0.485032,
27.5239,0.786518,
26.5688,0.221768,
27.2544,0.253007,
25.9156,0.183579,
88.8941,1.83118,
25.811,0.247124,
89.0899,0.237822,
87.2035,0.668983,
88.9687,0.173447,
76.3398,0.248708,
27.8597,0.13659,
36.4627,0.203444,
80.9278,0.132185,
40.2293,9.42028,
94.9289,0.593096,
82.3234,0.685037,
27.6625,0.531846,
97.1502,0.325938,
30.9432,0.189363,
122.229,0.150728,
108.591,0.350386,
27.6567,0.479079,
28.8137,0.150474,
26.8316,0.315216,
70.2382,0.349712,
67.2676,0.474039,
21.5543,0.167205,
68.5952,0.18762,
82.5841,0.301418,
19.2804,0.268745,
83.4425,0.238989,
19.4512,0.890394,
60.5667,0.614307,
19.2402,0.166904,
22.7903,0.232308,
59.3773,0.208067,
62.2211,0.983997,
28.7989,0.611737,
23.8884,2.79545,
21.9255,0.712469,
66.9671,0.183017,
31.2661,0.289643,
67.5695,0.327962,
20.5256,0.136451,
20.3596,0.420946,
68.1957,0.153544,
20.1172,0.179754,
18.6616,0.579891,
85.1867,0.146886,
16.1,0.178162,
23.7978,0.211939,
52.3563,0.314113,
17.9601,0.197894,
15.7594,0.159432,
54.0743,0.387904,
86.1824,0.103314,
50.1441,0.248993,
56.1323,0.29806,
17.3495,0.256576,
17.0612,0.232832,
53.0037,0.664499,
21.9959,0.546044,
20.8482,4.26643,
22.0382,0.483429,
72.1312,0.198406,
30.7309,0.414977,
32.2253,0.237749,
111.051,0.129564,
31.5839,0.148719,
30.4715,0.707911,
36.884,0.102878,
150.112,1.07303,
30.7805,0.178075,
98.3385,0.147965,
28.5273,0.246117,
77.2108,0.185599,
73.4299,0.209555,
73.0112,0.219303,
31.9613,0.164327,
75.7971,0.246368,
86.5046,0.252688,
24.3224,0.159179,
34.171,0.135696,
29.1961,0.454327,
64.9914,0.24444,
28.8749,0.857622,
78.7951,0.137068,
68.4775,0.191495,
65.6764,0.649918,
22.3681,0.141063,
66.9884,0.486077,
72.8514,0.1493,
22.9066,0.184207,
68.8623,0.154267,
24.2358,0.113534,
33.0707,0.330014,
24.6315,0.177169,
38.251,1.23753,
87.1894,1.19944,
28.6672,2.61482,
99.4951,0.455171,
27.5798,0.202745,
102.243,0.277625,
35.812,0.556864,
83.6682,0.369345,
79.9832,0.324461,
90.6576,0.187222,
87.4125,0.150613,
27.8434,0.163036,
93.2686,0.317392,
90.0248,0.229644,
31.48,0.496095,
29.6134,0.159839,
29.5814,0.195705,
29.2633,0.153199,
28.6296,0.23167,
36.3297,0.937071,
80.9076,0.965876,
25.4374,0.922165,
24.2738,1.40011,
23.3016,2.43371,
22.3309,0.344859,
22.7654,0.397309,
56.7152,0.163123,
59.0964,0.16541,
58,0.20926,
62.0583,0.159045,
25.8867,0.229831,
25.6396,0.560188,
17.9517,0.371126,
58.1462,0.282934,
18.3039,0.200893,
55.7862,0.580309,
56.7787,0.250342,
17.5511,1.26915,
17.9046,0.435033,
19.9385,0.588731,
19.3538,0.604671,
67.5472,0.227658,
62.6763,0.233612,
101.189,0.173887,
61.2447,0.259898,
65.8806,0.212084,
31.6671,0.203274,
17.1607,0.175869,
56.6184,0.0975998,
68.8307,0.222929,
52.1968,0.0869964,
54.8836,0.194031,
96.9773,0.216299,
18.4797,0.136371,
52.1344,0.250781,
21.4457,0.12374,
110.916,0.158356,
86.5624,2.53337,
35.8081,1.94995,
72.352,0.306378,
78.6344,1.805,
26.356,0.446737,
25.9382,0.247888,
86.8558,0.291896,
38.4633,0.207016,
25.0489,1.52304,
77.5879,0.303435,
62.1166,0.412136,
21.2416,0.473647,
29.8572,1.7208,
59.2221,0.661024,
65.2866,0.285359,
64.0234,0.158555,
75.2736,0.83827,
27.8542,0.171267,
61.562,1.86466,
58.3106,5.79176,
62.8235,0.445129,
58.7668,0.254189,
62.1569,0.158595,
19.4816,0.66271,
20.6859,0.230727,
61.3248,0.645201,
25.3708,0.425732,
22.1742,0.287909,
25.3749,3.1828,
25.5795,0.143277,
25.7803,0.16937,
30.3174,0.331709,
59.1715,0.153137,
23.5969,0.393426,
58.107,0.109131,
23.2668,0.206568,
107.468,0.143836,
32.2071,0.202578,
46.3099,0.173304,
74.1374,0.286423,
97.3175,0.155547,
72.6695,0.210792,
55.2814,0.151643,
69.9685,0.231186,
55.6169,0.147639,
39.2805,0.21623,
93.2592,0.151679,
116.194,0.248624,
56.1827,0.135596,
27.4496,0.239588,
82.1743,0.124539,
25.124,0.550338,
43.2127,0.147846,
20.8346,0.156102,
20.2174,0.113252,
59.9025,0.0726016,
21.5349,0.113468,
59.3151,0.906198,
70.4926,0.359039,
20.2964,0.205151,
18.9138,0.861553,
22.3842,0.231769,
68.415,0.15234,
16.7081,0.0853592,
56.2568,0.170805,
58.7046,0.184474,
48.7051,0.132777,
18.8792,0.225742,
48.8027,0.215268,
50.2563,0.182886,
50.4103,0.721448,
19.8633,0.46491,
48.9904,0.356778,
19.6658,0.160284,
17.462,0.0935146,
16.6206,0.137799,
52.8976,0.669982,
53.7394,0.143453,
23.0172,0.626763,
60.714,0.15886,
63.6486,12.2045,
19.9403,0.323883,
57.3457,0.163656,
17.7396,2.00114,
21.4027,0.447056,
19.4167,0.860339,
56.1133,0.404161,
56.1229,0.591628,
66.0438,0.276721,
20.1256,0.286511,
58.5668,0.351642,
20.1391,0.302305,
22.312,0.692852,
65.4687,0.264964,
69.1347,0.480508,
79.7606,0.754276,
21.4691,0.225859,
21.1998,0.175298,
21.2767,0.219344,
62.9487,0.264179,
82.8661,1.46898,
23.8164,0.250468,
23.5545,0.380854,
22.6721,0.128377,
70.9617,0.181568,
20.0805,0.11965,
61.3696,0.132179,
57.7517,0.169603,
64.0359,0.0894488,
20.1636,0.150505,
61.4703,0.111781,
57.0191,0.147996,
20.3774,0.0960273,
54.4293,0.196181,
76.9995,1.20896,
18.4172,0.753736,
65.5792,3.07059,
60.6462,0.765616,
105.332,0.400466,
64.7971,1.21904,
71.7183,3.39083,
34.101,0.428307,
29.9849,0.177118,
112.101,0.246348,
74.9191,0.129216,
62.334,0.0918274,
21.7406,0.174028,
71.1367,0.148085,
20.6019,0.163718,
63.319,0.173715,
28.656,0.580971,
61.1374,0.302024,
65.7278,0.180646,
23.3266,0.505318,
22.2755,0.119197,
29.73,0.244223,
91.685,0.200873,
26.7523,0.132715,
22.0142,0.123307,
26.2163,0.128827,
70.9588,0.129587,
31.3227,0.166921,
62.2417,0.252708,
19.3699,0.260424,
58.7555,2.98552,
22.1587,0.73951,
52.8085,0.200945,
18.6892,0.50011,
26.0453,0.15938,
65.0519,0.178781,
51.7293,0.087809,
15.7724,0.108985,
17.3707,0.319859,
22.2898,0.178895,
50.23,0.0983149,
57.033,0.152067,
20.5872,0.0922037,
56.6858,0.183351,
52.0529,0.0966539,
50.1402,0.134961,
54.4847,0.323218,
56.2119,0.479324,
17.4724,0.738219,
17.0614,1.48364,
17.3402,0.0857971,
16.9018,0.115235,
55.6004,0.110336,
22.6801,0.785358,
16.691,0.232709,
50.9134,0.116193,
69.1199,0.127236,
18.3474,0.0892209,
23.4779,0.115909,
30.6217,0.126474,
59.9548,0.10578,
54.2057,2.01401,
25.9417,0.209023,
17.6727,6.04969,
17.7703,0.289844,
17.8875,0.84507,
18.511,1.25036,
26.9342,1.83185,
61.5004,1.85675,
27.7643,0.0942395,
65.8663,0.326525,
31.4276,0.135828,
58.6738,0.0870332,
19.516,0.114069,
19.9199,0.146394,
24.2953,0.163198,
29.2467,0.15974,
26.7789,0.129335,
36.3762,0.244421,
22.747,3.34411,
32.1637,0.246782,
27.6279,0.816419,
58.955,0.288629,
82.3732,1.09969,
53.1081,0.308863,
27.0111,2.00118,
109.738,3.17458,
39.936,3.27243,
76.4922,0.144613,
102.849,0.320868,
76.7881,0.39696,
97.5168,0.681936,
137.182,0.220255,
106.977,0.258401,
161.413,0.169266,
57.3863,0.196738,
152.876,0.110242,
32.7222,0.132821,
81.1513,0.156294,
42.336,0.143477,
169.49,0.484402,
47.6091,0.253315,
87.4678,0.152322,
46.2992,0.131277,
90.4838,0.195032,
32.7634,0.213272,
149.673,0.114362,
117.654,0.221691,
160.127,0.246023,
37.9751,0.136992,
31.8594,0.284551,
40.03,0.141626,
29.9323,0.0810246,
29.4082,0.687182,
99.261,0.107502,
31.6518,0.145387,
93.5944,0.136355,
55.6303,0.275925,
101.107,0.126043,
42.1271,0.122287,
30.9664,0.195764,
90.3178,0.161327,
120.105,0.171172,
42.4654,0.188457,
105.211,0.477741,
34.5754,0.135649,
30.3726,1.9449,
98.2859,1.34629,
29.6707,0.209412,
29.7576,0.42116,
39.6317,0.609785,
114.033,0.405102,
102.583,0.336801,
30.3104,0.346907,
109.862,1.0226,
100.91,0.773741,
31.2782,0.175503,
31.2986,0.202546,
32.3556,0.166896,
31.3061,0.237357,
28.8967,0.115402,
144.983,0.30951,
97.3916,0.214821,
99.195,0.121809,
88.1445,0.145641,
26.3225,0.193251,
26.0666,0.105527,
81.8671,0.353325,
90.868,0.124768,
79.7349,0.309064,
26.3575,0.14573,
24.5252,0.363451,
43.184,0.243525,
133.394,0.156724,
49.2366,0.177952,
102.131,0.235313,
35.8727,0.261528,
34.9032,1.24762,
125.832,2.12801,
36.6978,0.373162,
36.3152,0.445996,
175.841,0.248712,
100.857,0.979586,
85.473,1.38807,
28.1496,0.807584,
28.4243,0.443963,
103.155,0.189204,
29.3924,0.479892,
30.6034,0.714065,
88.0584,0.243848,
125.267,0.985444,
28.7775,0.842728,
90.0526,1.0915,
87.7887,0.207317,
99.7199,1.12173,
90.8316,0.805924,
42.8756,0.592124,
88.4175,0.397228,
43.2699,1.44422,
152.229,0.296985,
156.626,0.455622,
82.5782,0.365595,
35.2478,0.218224,
101.484,0.243445,
38.0206,0.358697,
33.1352,0.289823,
69.8984,1.00848,
23.8298,0.760035,
69.2161,0.482793,
25.7979,0.434638,
22.2017,1.35301,
62.9834,0.607359,
20.5408,0.73871,
20.0867,0.322578,
27.6579,0.852861,
121.481,1.76901,
117.97,0.497489,
22.4744,0.469744,
29.8522,0.543472,
24.5139,0.825802,
76.5184,0.250647,
40.2046,0.335219,
32.6061,0.577525,
38.1486,0.991615,
30.2184,0.767971,
31.1309,0.232704,
32.184,0.255841,
30.0651,0.62142,
97.9199,0.257037,
31.1741,0.385996,
35.4841,0.188166,
33.2583,0.26897,
107.572,0.194789,
32.9241,1.39684,
117.925,0.396273,
36.574,0.378824,
115.891,0.194955,
119.8,0.799685,
135.472,0.225048,
37.3341,0.201399,
40.4007,0.213457,
116.802,0.314221,
36.5205,0.208585,
45.047,0.221689,
112.9,0.15608,
37.1101,0.160911,
41.1471,0.183185,
38.8805,0.244669,
38.3986,0.268167,
38.0258,0.500904,
37.248,0.567704,
33.623,0.276381,
108.166,0.269347,
105.815,0.234598,
34.152,0.213407,
46.6141,0.28835,
102.609,0.363969,
38.9096,0.315937,
31.8604,0.280423,
31.176,0.360572,
29.4821,0.205543,
35.4246,0.329342,
118.083,0.37486,
46.867,0.250837,
33.1472,0.274706,
30.3598,0.415354,
29.834,0.289924,
36.753,0.207159,
93.2842,0.291809,
90.8116,0.145874,
28.742,0.217066,
66.0501,0.234829,
64.7108,0.41173,
67.5659,0.164743,
63.3062,0.196645,
59.8334,0.17316,
66.579,0.357051,
21.0055,0.262155,
68.77,1.0591,
26.6527,1.97506,
21.5667,0.229044,
106.865,1.63982,
65.7218,0.302875,
65.3737,0.164676,
61.6916,0.353366,
56.4642,0.138531,
20.3851,0.160321,
63.9591,0.110879,
66.3792,0.111635,
25.1025,0.193475,
71.3573,0.51187,
76.4891,0.191346,
69.5007,0.205318,
66.0812,0.13911,
32.1672,0.232651,
19.3418,0.100164,
18.8359,1.30305,
55.7013,0.198583,
71.3223,0.131864,
114.588,0.156745,
22.8432,3.95741,
35.7114,0.404895,
74.5748,0.619178,
72.4238,0.214918,
28.6066,0.195237,
67.4525,0.449024,
74.8819,0.255065,
20.6532,0.255435,
97.5162,0.122998,
17.7003,0.214169,
21.6543,0.657055,
63.5048,0.141955,
62.6154,0.166091,
19.4846,0.144687,
19.3241,0.137591,
67.0957,0.351957,
99.9484,1.15245,
54.5318,1.48656,
77.0823,0.419611,
20.1374,0.31783,
18.838,0.242419,
19.4385,0.357079,
67.2889,0.275855,
34.9856,0.182901,
62.6438,0.23174,
56.5691,0.14376,
59.3621,0.307775,
61.4549,0.148218,
68.4714,0.244026,
50.963,0.447225,
64.9365,0.145626,
52.3679,0.16785,
63.7957,0.326319,
53.0717,0.245393,
96.9632,1.58462,
64.6114,0.197463,
81.8423,0.284417,
66.8303,0.181392,
24.2704,0.257945,
26.0935,0.724123,
21.5156,1.02743,
22.4184,0.402759,
22.9678,0.428032,
74.0435,0.260949,
26.0804,0.223403,
25.0858,0.16022,
25.062,0.383723,
24.6454,0.193413,
43.7764,0.507621,
32.3825,0.247127,
111.944,0.103331,
112.3,0.146993,
36.5716,0.379984,
36.783,0.167859,
115.807,0.0990273,
37.1818,0.225455,
130.418,0.234735,
63.5383,1.82341,
88.5746,6.13259,
129.442,0.183446,
25.9992,0.482018,
117.636,0.524899,
25.1475,0.584981,
61.5757,0.140512,
34.1646,0.172979,
66.9969,0.444861,
30.9988,0.141886,
69.5859,0.0830812,
25.1778,0.139271,
20.5547,0.153407,
21.8494,0.111129,
20.6292,0.104818,
20.1631,0.102576,
94.316,0.270345,
73.8125,0.12482,
87.7028,0.214314,
57.5186,0.0931957,
61.1044,0.152754,
19.1835,0.126572,
65.2061,0.0990146,
61.561,0.403536,
68.8791,0.352601,
77.3403,0.153134,
20.3361,0.248105,
53.6168,0.0864187,
16.7844,0.868592,
17.9672,0.240733,
56.0295,1.81073,
21.998,0.375844,
32.8053,0.192508,
59.659,0.308722,
21.1284,0.612116,
21.763,2.93107,
130.491,2.90785,
26.1199,1.76591,
28.4735,0.352093,
94.6884,0.243867,
78.2709,0.225331,
25.2615,0.221559,
27.5995,0.139734,
82.2632,0.146033,
78.6707,0.186609,
73.8847,0.146289,
78.6427,0.160124,
58.9073,0.147817,
21.9927,0.227745,
71.6196,0.151905,
70.5142,0.124619,
55.7296,0.13289,
25.6155,0.132865,
21.6553,0.92605,
57.5803,0.159373,
19.2703,0.493269,
61.8739,0.264011,
23.4866,1.8809,
66.7215,0.769055,
22.4351,0.548109,
22.8709,0.200189,
30.983,0.371541,
24.1081,0.448401,
70.3684,0.161323,
77.4901,0.308679,
119.055,0.38581,
74.4706,0.218194,
106.275,0.218239,
25.4721,0.507763,
67.3205,0.167789,
21.5937,0.115873,
18.9528,0.104764,
69.7017,2.13697,
66.4284,1.09789,
29.0794,0.482065,
21.5453,0.366144,
63.6839,1.22109,
64.465,0.241617,
77.7773,4.69703,
73.7804,0.87683,
25.9798,0.830497,
139.56,4.07543,
28.0779,0.297215,
84.4298,0.280874,
32.8926,0.449017,
36.6738,0.53624,
88.7642,0.249642,
24.9785,0.402721,
20.5423,0.63984,
70.4593,1.03472,
25.9451,0.791507,
19.7206,0.702074,
16.9976,1.23067,
26.0723,1.14891,
19.7143,0.462211,
61.8261,0.472628,
63.9706,0.201226,
20.6993,0.189789,
59.4472,0.612637,
19.6999,0.405859,
26.0044,1.08058,
76.051,12.2843,
21.1582,0.416587,
19.6362,0.258719,
29.2891,19.6574,
72.5508,16.695,
22.7007,0.337725,
65.6951,0.255319,
110.707,0.307102,
61.1297,0.520925,
64.502,0.441028,
53.1148,0.234337,
20.8449,0.279163,
20.683,0.206173,
17.3217,0.312662,
55.4653,0.18376,
20.4405,0.19208,
61.5616,0.295624,
19.0679,0.18676,
56.7525,0.301133,
57.4053,0.177812,
61.5967,0.286701,
97.6898,0.898848,
20.1399,2.3037,
62.4877,0.584133,
23.2545,0.267765,
23.5181,0.377614,
23.1263,0.147856,
21.5131,0.226235,
36.5583,0.163261,
61.7831,0.430361,
18.4395,0.218911,
16.7179,0.280647,
20.0494,0.153845,
19.0744,0.133771,
52.8943,0.614479,
14.4109,1.26212,
53.7366,9.02781,
19.3662,9.22389,
59.6053,2.22337,
70.9628,0.520358,
29.2452,0.834091,
123.296,0.680112,
24.0334,0.681898,
36.1048,1.48849,
31.2765,0.515347,
25.3982,0.63961,
34.9218,0.432508,
81.4812,0.453773,
28.2566,0.756335,
91.7475,0.550953,
30.8816,0.342736,
27.1034,0.513822,
38.6102,0.1248,
39.5102,0.288531,
89.0574,0.485434,
30.048,0.588451,
30.0059,0.46268,
89.4196,0.641721,
61.2652,2.28126,
30.5947,2.62026,
57.9698,0.511999,
91.2289,0.865736,
53.3765,0.318054,
29.0605,0.449551,
120.797,0.170328,
28.9539,0.244635,
60.0142,0.203082,
92.6316,0.215406,
55.9319,0.212844,
30.9179,0.260882,
56.027,0.215235,
102.127,0.284313,
70.5505,0.172017,
54.9096,0.257463,
131.76,0.227323,
48.3897,0.315596,
70.6361,0.384036,
44.2988,0.792758,
99.1108,0.162538,
32.4321,0.907932,
36.187,0.233022,
46.5467,1.42126,
33.9184,0.152633,
100.767,0.274187,
41.9706,0.554635,
115.369,0.157882,
98.6775,0.254736,
29.2096,0.426515,
30.6972,0.143675,
41.6506,0.212713,
29.8974,0.187981,
30.1947,0.15319,
43.0255,0.159796,
106.441,0.243191,
29.9991,0.366817,
28.7539,0.318119,
97.5354,0.300056,
91.3226,1.10229,
47.575,0.445646,
91.6311,0.259273,
34.9185,0.257894,
31.5685,0.387999,
31.5287,0.348763,
96.4533,0.774424,
50.7713,0.20907,
105.995,0.266878,
105.582,0.364905,
34.7535,0.233617,
31.2874,0.275482,
31.6449,0.227486,
31.3358,0.506243,
28.3382,0.449969,
142.228,0.289412,
54.6628,0.142198,
121.808,0.20309,
117.793,1.37823,
45.3027,0.183502,
43.675,0.238525,
43.6379,0.488438,
37.0838,0.436025,
33.9291,0.27122,
33.9911,0.163426,
75.5868,0.643353,
121.315,0.635908,
83.1716,0.210551,
37.3923,0.2153,
24.9091,0.297896,
74.3828,1.87805,
22.2748,0.56692,
21.9721,0.227699,
23.386,0.257912,
69.7608,0.136945,
78.5493,0.19891,
74.5353,0.182789,
75.8447,0.166896,
23.7406,0.379926,
82.0562,0.218993,
138.108,0.28157,
24.9713,0.413577,
78.6446,0.193714,
72.136,0.466333,
73.3695,6.23016,
74.1055,0.357789,
81.1984,0.46697,
40.9608,0.192141,
22.4972,0.189995,
71.3777,0.302841,
73.2588,0.168018,
70.2464,0.413065,
88.155,0.177125,
24.9454,0.15253,
27.2723,0.221203,
33.4586,0.325744,
79.2262,0.256189,
125.783,0.293351,
21.6537,0.14742,
73.6631,0.153006,
26.6926,0.244381,
91.3255,0.195994,
71.8869,0.235888,
80.5651,0.467454,
59.6716,0.560024,
23.2519,0.197706,
48.092,0.623745,
84.0932,0.848972,
56.8449,0.178376,
38.5335,0.412753,
90.0811,0.264605,
90.2396,0.568614,
89.8724,2.60522,
56.9395,0.119146,
26.1681,0.170572,
145.515,0.204137,
121.568,0.834184,
59.0527,0.246112,
83.9775,0.412171,
27.5052,0.482499,
58.8104,0.337645,
46.3089,0.505118,
106.8,0.324953,
26.1441,0.272259,
85.0824,0.16614,
88.3125,0.418948,
82.9965,0.40176,
89.6738,0.272516,
83.8745,0.190455,
52.9537,0.427901,
29.0841,0.36257,
26.7332,0.204657,
26.4754,0.377751,
80.0583,0.159655,
25.9027,0.132075,
89.8555,0.236052,
78.8188,0.185927,
35.1898,0.233782,
32.1964,0.385181,
23.7368,2.41871,
23.3142,0.650933,
24.073,0.276809,
37.3169,0.105485,
33.3994,0.142237,
40.2167,0.144983,
37.4988,0.174543,
33.9758,0.257098,
34.8123,0.162453,
34.945,0.500341,
109.845,0.191561,
35.6614,0.433351,
98.169,0.270676,
36.8492,1.24185,
29.2575,0.153079,
94.4309,0.20334,
95.0464,0.288862,
105.57,0.350047,
31.362,0.176903,
93.7396,0.169597,
38.0731,0.350262,
31.966,0.268483,
101.942,0.217866,
142.366,0.120528,
50.2832,1.20385,
40.4203,0.210848,
36.3531,0.445212,
117.9,0.302521,
85.9673,0.601558,
45.6227,0.355947,
77.3086,0.585867,
102.008,0.801045,
96.2821,0.108612,
37.278,0.119905,
86.7687,0.140793,
84.1861,0.141888,
68.126,0.134698,
34.3141,0.199344,
54.7782,0.138074,
25.6398,0.265127,
29.998,0.101452,
77.2393,0.177409,
25.5864,0.311968,
30.597,0.180262,
82.3706,0.317216,
42.2083,0.118173,
24.3446,1.13197,
71.4842,0.376118,
37.1512,0.190123,
69.1292,0.170115,
82.4211,0.077579,
119.839,0.119893,
150.944,1.09265,
70.9123,0.117394,
69.9714,0.218619,
26.6571,0.332292,
22.9308,1.06878,
73.3673,0.326258,
24.6635,0.129386,
74.573,0.174998,
26.664,0.166512,
41.7083,0.214481,
69.8908,0.215796,
22.1014,0.267143,
72.1114,0.159194,
66.3529,0.439248,
21.554,0.180037,
22.598,0.23198,
113.376,0.104527,
34.3633,0.221811,
59.8696,0.107459,
20.6777,0.112851,
21.0074,0.123854,
57.0737,0.113607,
95.3675,0.150948,
53.9793,0.36726,
18.5361,0.150241,
55.9671,0.171902,
61.1404,0.147083,
60.3135,0.270875,
74.3651,0.417725,
100.524,0.237165,
21.4332,1.23052,
60.811,0.245254,
21.9895,0.436838,
24.9679,0.367993,
111.209,0.146758,
76.9725,1.8275,
22.0517,0.270462,
24.2886,0.175337,
30.7583,0.248476,
28.9552,0.660367,
41.767,0.202163,
26.321,0.388311,
127.861,0.125765,
124.405,0.466809,
85.3853,0.115536,
33.9704,8.70485,
143.93,1.63019,
63.6714,0.14318,
25.4551,0.155752,
72.8547,0.374482,
58.4668,0.243448,
24.9442,0.342801,
24.3371,1.05515,
30.6663,0.339588,
61.0018,0.282568,
20.2226,0.152325,
25.948,0.346131,
30.1748,0.218418,
24.8282,0.308695,
21.1636,1.66692,
93.933,1.37287,
28.6676,3.2617,
91.5705,0.230411,
28.8862,0.361332,
105.902,0.428528,
34.9891,0.96993,
51.6741,0.214058,
80.5592,0.304701,
116.118,1.01432,
117.865,0.145645,
89.8878,0.17312,
102.083,0.280944,
60.2199,0.117433,
92.7323,0.174593,
50.5305,0.160559,
57.7914,0.138129,
28.5422,0.117197,
36.8607,0.108448,
47.974,0.168129,
81.3862,0.228743,
42.7715,0.2539,
58.7097,0.287198,
42.887,0.292255,
121.588,0.103366,
28.114,0.173326,
107.026,0.134609,
27.885,0.23942,
110.7,0.158892,
28.4168,0.139783,
119.075,0.154614,
29.3896,0.151693,
56.3094,0.221852,
107.434,0.144696,
118.293,0.238601,
28.8251,0.20351,
29.2022,0.149149,
91.858,0.188935,
89.1151,0.155153,
27.23,0.174191,
26.3365,0.210343,
25.8691,0.110758,
69.1369,0.130019,
29.2692,0.127759,
21.8199,0.210929,
31.6614,0.106367,
25.1408,0.187919,
62.8684,0.125851,
22.6737,0.182495,
21.8027,0.117183,
58.9939,0.215831,
30.4191,0.133883,
23.8472,0.145454,
74.3514,0.125213,
27.8258,0.206219,
59.7965,0.241102,
20.7614,2.22891,
20.8997,0.563329,
61.946,1.47799,
69.112,0.966323,
66.4006,0.680391,
28.453,0.37184,
73.0617,0.477726,
40.4959,0.25183,
43.4144,0.134602,
32.8625,0.16123,
97.9975,0.487206,
33.6413,0.214163,
103.451,0.340039,
101.348,0.617558,
47.9355,0.173376,
46.1517,0.194953,
29.5138,0.201101,
93.4601,0.919127,
87.5872,0.130701,
71.8046,0.136818,
59.6867,0.175771,
24.6743,0.140863,
20.0085,0.125415,
60.6147,0.10722,
60.3217,0.193138,
22.0215,0.110789,
56.711,0.180653,
22.2179,0.177239,
60.3863,0.22178,
58.9181,0.214471,
64.0231,0.140872,
70.6266,0.206881,
36.48,0.130705,
20.674,0.242932,
26.6546,0.143396,
54.4843,0.209584,
18.9071,0.187386,
19.6936,1.77252,
63.4499,0.208294,
18.7003,0.154635,
53.5339,0.126028,
25.5793,0.215213,
100.646,0.188249,
18.8346,0.200423,
20.1485,0.154255,
94.8314,0.169712,
97.4741,0.168084,
18.9895,0.153255,
106.046,0.239063,
105.96,0.167496,
22.5944,0.102799,
22.2441,0.130129,
60.5487,0.211014,
24.1299,0.183671,
65.1385,0.15669,
60.6088,0.198404,
57.1942,0.310473,
64.1776,0.157978,
58.1127,0.147461,
22.5891,0.216797,
57.5045,0.149239,
19.659,0.182006,
21.902,0.135655,
62.5631,0.245411,
37.5715,0.152315,
21.8753,0.15208,
22.0933,0.181847,
105.087,0.271968,
73.5305,1.79207,
28.4558,2.87227,
23.3136,0.825737,
82.0167,0.945441,
25.4155,0.306552,
144.921,0.366113,
24.6326,0.280442,
121.289,0.20003,
28.8805,0.115601,
80.7692,0.167527,
24.7469,0.144741,
76.9126,0.136534,
22.6654,0.108962,
79.1045,0.521003,
23.0112,0.307308,
77.7017,0.10731,
24.8495,0.65137,
25.3121,0.216874,
34.3078,0.447927,
25.8571,0.180237,
28.4212,0.355083,
100.647,0.17644,
83.0914,0.25897,
91.2286,0.258251,
76.9472,0.499351,
26.597,0.238884,
27.4004,1.06621,
27.5349,0.395799,
39.2304,0.255225,
135.806,0.133178,
51.0188,0.463715,
125.53,0.225112,
49.8287,0.173008,
40.6055,0.268821,
42.3939,0.159968,
41.565,0.151952,
49.6072,0.285656,
42.7338,0.16451,
41.3222,0.159446,
29.5938,0.17167,
126.823,0.136257,
106.721,0.134622,
102.119,0.189804,
117.17,0.203558,
40.5446,0.12918,
46.2268,0.138695,
38.7994,0.112798,
104.621,0.166257,
75.1813,0.198606,
28.5824,0.25889,
85.7733,0.294285,
28.1443,0.463794,
30.4503,0.307412,
45.374,0.226458,
92.2088,0.179811,
91.3804,0.300556,
86.3956,0.222306,
42.7416,0.222439,
35.3211,0.127114,
26.513,0.37817,
24.5646,0.612202,
30.1995,0.629434,
72.1847,3.71611,
65.8794,0.130045,
66.4153,0.279303,
72.5774,0.262596,
27.3366,0.16014,
19.6563,0.206342,
54.8917,0.236285,
63.552,0.129356,
69.5879,0.375421,
62.8997,0.276413,
59.8016,0.166104,
22.7557,0.262593,
23.0924,0.271483,
17.8666,0.329838,
26.7622,0.161115,
18.0782,0.21926,
20.8353,0.114729,
49.5118,1.03444,
88.8676,0.723133,
50.8722,0.320371,
47.9846,0.131517,
15.8127,0.134026,
48.479,0.22066,
17.696,0.316941,
54.4518,0.186086,
49.5526,0.193562,
86.535,0.158679,
24.4234,0.365147,
95.4604,0.408688,
24.2184,0.456527,
61.9595,0.254966,
59.7067,3.68805,
19.6973,0.393257,
22.6644,0.38187,
71.0314,3.61343,
64.6211,0.757821,
69.4011,0.705587,
20.7305,0.583411,
72.4261,2.61879,
78.2668,1.30504,
91.2382,0.756794,
27.1724,1.42389,
27.6756,0.223258,
90.3903,0.236096,
93.4444,0.334825,
79.1636,0.630335,
29.4053,0.23146,
28.3655,0.232618,
77.0627,1.56422,
74.8636,0.958461,
94.3765,0.482954,
86.0415,0.493822,
100.769,0.471341,
26.0357,0.48608,
161.759,0.286645,
31.9708,0.329048,
30.7356,0.266644,
33.4748,0.336489,
27.8553,0.27292,
28.5919,0.174462,
84.4857,0.252231,
28.825,0.174369,
26.3996,0.203452,
67.7753,0.331132,
67.1843,0.441579,
26.5264,0.285013,
23.2769,0.309705,
24.5205,7.10921,
30.035,0.532921,
38.6161,0.750212,
82.9783,0.422154,
116.039,0.193064,
32.2489,0.285723,
32.7163,0.158398,
42.5171,0.278479,
32.541,0.142364,
100.291,0.231718,
32.0693,0.175777,
30.7944,0.266539,
32.949,0.183782,
43.3453,0.164007,
30.9401,0.177361,
29.9054,4.03283,
29.3309,0.249999,
27.8292,0.39557,
35.7897,0.424481,
39.9174,1.0476,
25.5044,9.24037,
20.438,0.426233,
19.6101,0.260675,
21.155,0.268138,
20.5887,0.713002,
19.5682,0.531586,
20.146,2.59117,
20.829,2.15869,
20.4132,0.443703,
22.3923,0.52187,
22.0742,5.10401,
122.386,0.80556,
74.2523,0.227627,
31.7342,0.588833,
22.2223,0.956962,
22.1616,0.237598,
34.0427,6.70731,
33.8722,0.613546,
71.876,0.408357,
44.8002,0.748122,
23.6169,0.487251,
23.8917,0.335418,
64.8854,0.906895,
23.4291,0.683031,
68.718,1.91959,
24.1088,0.658796,
71.881,0.775567,
24.5843,0.836397,
22.5362,0.333566,
66.2245,0.567821,
69.8598,0.569658,
24.761,0.745519,
80.6421,0.55974,
31.4801,0.935359,
77.4598,0.375126,
21.4413,0.408658,
68.2475,0.448405,
21.3141,0.297633,
29.133,18.0236,
66.3398,0.499855,
20.9984,0.312388,
68.1738,0.332642,
21.1436,0.200764,
29.8306,0.475571,
23.1762,0.184416,
22.1354,0.404888,
122.201,0.714728,
21.9919,0.449324,
108.716,0.428995,
27.7138,0.319366,
64.4831,0.50827,
66.7647,0.361406,
22.1825,0.25984,
80.6137,0.536528,
30.5697,4.92779,
98.5853,5.42656,
106.81,2.14314,
35.7725,0.652803,
47.878,0.476556,
36.7988,0.411139,
121.761,0.371178,
111.892,0.171353,
39.4016,0.305771,
87.0859,2.46715,
79.6349,3.29467,
27.4221,0.608926,
26.5132,0.345465,
26.361,5.15785,
103.166,0.422872,
87.2017,0.575459,
77.9548,0.202616,
80.12,0.538223,
83.4805,0.312533,
25.4217,0.281559,
23.8688,0.0932222,
133.246,2.75281,
126.772,0.521212,
124.294,0.893925,
68.4686,0.433031,
23.5117,0.196965,
67.0972,0.206109,
73.7977,0.218784,
64.2786,0.137959,
65.3894,1.36311,
78.0313,0.788971,
26.4488,0.894164,
26.9329,0.739565,
26.6231,0.385696,
86.3805,0.554514,
96.4991,0.214414,
78.5672,0.224001,
91.8126,0.189731,
91.5376,0.146923,
29.7324,0.0879465,
75.7542,0.891089,
78.4673,0.102438,
85.2876,0.137902,
72.8551,0.192572,
21.5599,0.815216,
70.4272,0.410911,
29.2624,0.179851,
36.9219,0.125603,
25.0779,0.308316,
65.6219,0.153138,
28.3189,0.546335,
22.8518,0.104913,
31.9627,0.313841,
21.4709,2.05672,
23.6208,0.137655,
23.8857,1.5404,
21.9412,0.128358,
23.441,0.0937963,
74.1565,0.14476,
73.6151,0.103419,
75.0955,0.105861,
79.1377,0.0952643,
23.1986,0.0507393,
23.446,0.108852,
72.7414,0.592425,
21.2489,0.16871,
29.633,0.104965,
46.7296,0.0858569,
20.6448,0.124447,
88.179,5.45678,
23.5005,4.34844,
97.9167,0.132866,
24.6169,0.598842,
55.113,0.101439,
25.8542,0.108274,
94.0316,0.951524,
27.578,3.69059,
46.9041,0.087384,
26.1399,0.112019,
47.9879,0.0996871,
27.675,0.343778,
46.028,0.0812257,
23.4582,0.117075,
48.76,2.34888,
23.1319,0.126098,
97.0715,0.0732116,
36.7945,0.125489,
126.649,0.833389,
29.1832,0.148491,
118.845,0.307982,
31.3364,1.03469,
70.8936,0.0878246,
108.844,0.174482,
70.5226,0.132815,
32.5726,0.207297,
70.1332,0.198941,
40.0776,0.159948,
107.249,0.12984,
108.454,0.20341,
69.7023,0.148159,
27.9257,0.327868,
57.4631,0.157564,
29.872,0.198431,
147.302,0.107866,
27.3866,0.219118,
106.911,0.313263,
93.7485,0.507726,
58.6929,0.150457,
37.274,0.347588,
54.1089,0.161247,
99.0942,0.411574,
59.3115,0.289278,
30.1067,0.605147,
116.341,0.131694,
50.7908,0.34095,
70.3595,0.153611,
41.0341,0.178174,
137.45,0.0794464,
34.9118,0.152666,
152.689,0.0962376,
102.814,0.145573,
129.669,0.129792,
38.9976,0.158372,
151.317,0.261054,
29.329,0.125518,
30.3111,0.879443,
28.8852,0.107248,
88.4677,0.141197,
33.2588,0.139969,
101.668,0.188532,
86.8951,0.123971,
36.3823,0.184502,
35.0938,0.176005,
36.5586,0.12762,
29.4368,0.250867,
26.1312,0.184491,
24.2986,0.0996642,
29.2177,0.157265,
28.4449,0.142742,
24.8681,0.142039,
23.9696,0.162693,
24.0365,0.410676,
92.0335,0.150038,
80.337,0.115346,
22.0502,0.184343,
67.7413,0.156865,
28.5048,0.0943428,
33.3667,0.124115,
42.0513,0.342583,
24.7096,0.118617,
67.9503,0.21175,
73.0954,14.0196,
72.8404,0.233418,
75.0521,0.241904,
72.4987,0.285442,
21.2436,0.108711,
20.2142,0.192486,
62.1328,0.20064,
64.515,0.24149,
18.9158,0.214416,
18.6993,3.94918,
35.5523,0.80293,
77.3082,0.730427,
20.8183,1.09591,
22.1621,0.358075,
22.5063,0.325927,
23.4968,0.505539,
21.9348,0.202677,
34.5885,0.14745,
113.995,0.617298,
69.1716,0.215585,
82.17,0.17337,
29.9086,0.230941,
77.9588,0.192224,
33.3446,0.428968,
53.4728,0.115924,
38.4914,0.622835,
28.6652,0.390876,
159.696,0.35687,
30.6158,0.196757,
36.593,0.167964,
100.325,0.114373,
105.529,0.168934,
132.669,0.114105,
24.4356,0.135684,
76.0002,0.252595,
29.713,0.370624,
74.6336,0.135299,
33.5247,4.52148,
81.3867,0.830598,
91.1927,0.209983,
88.6952,0.353051,
87.7649,0.239064,
154.088,0.159245,
90.2757,0.091685,
107.37,0.195176,
90.6538,0.198514,
90.667,0.131179,
83.3797,0.116448,
26.2583,0.112816,
81.2439,0.100844,
75.1977,0.091058,
24.8247,0.0851074,
75.3682,0.091147,
26.0289,0.106158,
42.1096,0.100808,
82.2062,0.881576,
145.767,0.207845,
89.201,0.669421,
78.2751,0.199755,
133.628,0.891853,
89.8949,0.538831,
128.733,0.275587,
91.2867,0.102378,
49.8961,0.310186,
82.3725,0.215347,
24.6803,0.289534,
24.4236,0.153829,
26.6988,0.207547,
22.4788,0.123803,
75.3117,0.127808,
68.945,0.158422,
22.6497,0.166893,
25.0967,0.421744,
73.1265,0.296652,
31.7242,0.408253,
90.9122,0.163968,
24.6965,0.338385,
23.8571,0.135679,
24.2951,0.12841,
80.968,0.184133,
23.465,0.139902,
70.7882,0.323568,
75.0445,0.451079,
78.4929,0.22226,
84.2841,0.3383,
27.0652,0.135745,
76.4592,0.172079,
69.752,0.19516,
26.2112,3.44672,
27.5944,2.43546,
36.4228,0.328,
94.7769,0.364404,
29.0499,0.229958,
28.2857,0.116018,
100.126,0.1844,
39.2019,0.154968,
52.3947,0.223589,
28.3198,0.797037,
100.487,0.522571,
102.859,0.248422,
29.8706,0.209214,
98.8003,0.273483,
29.5566,0.683964,
43.0819,0.255604,
87.1316,0.142339,
27.0754,0.12887,
28.2106,0.10803,
27.6748,0.108711,
77.5608,0.0852995,
27.0407,0.254279,
40.9754,0.151467,
41.4799,0.0959048,
53.3326,0.157064,
98.9255,0.293215,
43.542,0.308843,
112.684,0.147854,
184.151,0.131928,
103.435,0.347078,
44.9729,0.141597,
29.2232,0.0852342,
121.906,0.125282,
93.8925,0.241897,
108.581,0.119537,
114.686,0.256527,
109.929,0.202353,
83.8221,0.191079,
88.9452,0.168614,
83.9528,0.215279,
84.9799,0.125383,
24.5365,0.124438,
24.2307,0.148936,
23.9507,0.140962,
75.4812,0.145894,
24.4429,0.517427,
76.9262,0.14178,
91.0365,1.60278,
27.1058,0.769411,
95.9413,0.552136,
87.5357,0.229851,
158.91,0.135782,
101.634,0.19325,
158.422,0.169174,
101.302,0.111873,
106.752,0.165471,
32.4733,0.125077,
31.8361,0.253352,
30.5865,0.235397,
158.408,0.188285,
30.0703,0.121665,
27.2646,0.130852,
78.5334,0.192234,
74.814,0.215478,
125.483,0.127511,
69.9839,0.236256,
86.1364,0.12753,
33.2215,0.263457,
97.8466,0.507224,
23.57,0.117712,
73.5627,0.54337,
78.1305,0.129246,
95.2415,0.181798,
35.5793,0.123956,
22.4296,0.155539,
72.991,0.110726,
30.8133,0.123433,
92.895,0.144961,
76.318,0.136948,
131.157,0.232395,
23.8597,0.220211,
24.0741,0.183175,
71.0281,0.0989797,
24.5072,0.100274,
69.4549,0.111953,
72.0017,0.140117,
73.5623,0.136716,
123.956,0.141478,
29.8028,0.113549,
69.0636,0.117361,
22.6251,0.247072,
89.4643,0.178366,
34.3986,0.102177,
80.0116,0.107117,
79.2985,0.466811,
36.0766,0.146631,
78.2351,0.116342,
24.6634,0.111394,
69.9429,0.09846,
22.8287,0.107126,
28.9303,0.122971,
80.3907,0.12428,
24.0898,0.279649,
133.047,0.135116,
22.5431,0.164272,
69.2328,0.12013,
23.006,0.369164,
74.3657,0.134074,
85.6494,0.154287,
28.9312,0.317521,
97.9999,10.3846,
165.116,0.86125,
38.9235,0.174722,
30.486,0.131969,
95.1895,0.322962,
95.4876,0.116108,
35.3715,0.194259,
84.0661,0.132884,
68.6785,0.120436,
73.0588,0.13948,
23.0463,0.405275,
69.6835,0.148445,
73.2923,0.46181,
23.2879,0.159221,
32.7854,0.38191,
135.075,0.138138,
75.2944,0.310288,
77.6474,0.118024,
79.6797,0.127862,
22.0124,0.139394,
66.5993,0.16653,
78.8847,0.114762,
26.5019,0.739624,
82.9297,0.19294,
81.0061,0.103143,
23.6806,0.244611,
83.7832,0.111643,
25.9502,0.294991,
79.1644,0.128468,
25.3397,0.139031,
79.655,0.111878,
84.9134,0.61185,
25.4439,0.151329,
81.227,0.0761145,
35.8111,0.126003,
24.4429,0.205011,
68.1959,0.245487,
25.048,0.121194,
74.5211,0.157494,
66.4822,0.305492,
23.5038,0.2128,
26.3664,0.239871,
24.7249,0.184857,
23.5444,0.138463,
73.5988,0.160199,
82.0376,0.125409,
23.8907,0.175362,
23.3913,0.21478,
22.9444,0.125486,
75.338,0.186137,
86.057,0.372806,
83.5455,0.216597,
25.8691,0.130992,
90.6658,0.195647,
25.3977,0.159083,
94.0611,2.90587,
84.6939,0.251148,
83.0708,0.304334,
26.3278,0.435943,
40.4654,0.118692,
26.302,0.216654,
101.002,0.138965,
98.6827,1.99051,
23.4198,0.108681,
88.7522,0.211706,
90.6013,0.161043,
39.9509,0.150703,
125.305,0.311736,
80.5884,0.353922,
84.1686,0.149692,
46.2912,0.460703,
87.4399,0.398223,
89.795,0.601246,
25.6186,0.294752,
35.5658,0.358243,
76.9305,5.46028,
34.4531,2.41485,
84.4399,0.795714,
96.6699,0.465028,
29.7988,0.202103,
30.826,0.282393,
100.008,0.174727,
109.879,0.159372,
30.2458,0.282254,
119.789,0.204216,
61.7552,0.19641,
143.916,0.157198,
53.6134,0.281603,
133.651,0.197117,
146.027,0.136154,
120.053,0.244094,
114.266,0.198799,
40.2136,0.389259,
167.87,0.18542,
30.3657,0.230999,
30.7768,0.263144,
93.1544,0.204292,
111.939,0.183262,
108.25,0.252482,
85.7877,0.15043,
27.6945,0.165916,
28.0143,0.166618,
85.1456,2.50575,
23.3332,0.270103,
24.5945,0.188114,
41.6477,0.261957,
25.6395,0.147982,
76.4252,0.154292,
26.5794,2.33825,
89.9058,0.583424,
148.821,1.7118,
30.7313,0.417938,
33.6985,0.346334,
104.166,0.134726,
42.0032,0.598948,
35.6535,0.427726,
30.0682,0.87774,
46.8881,0.158702,
32.4397,0.239443,
163.411,0.136877,
96.5778,0.118545,
89.7043,0.40804,
32.1236,0.146239,
37.0754,0.114652,
133.278,0.100856,
36.3645,0.17039,
29.1452,0.71269,
82.8813,0.127242,
29.0156,0.232077,
97.9521,0.124778,
91.9645,0.0900463,
28.615,0.339792,
28.507,0.133073,
89.5572,0.185782,
38.506,0.224142,
81.4957,0.16162,
32.1556,0.131499,
96.1534,0.112125,
28.1376,0.130388,
80.4377,0.0918323,
26.3498,0.119369,
86.022,0.107805,
90.8178,0.151446,
24.5048,0.651183,
80.9065,0.292644,
27.5089,0.296014,
31.5372,0.329059,
32.248,0.0991745,
98.6633,0.154034,
34.8038,0.134946,
82.7923,0.185409,
88.3945,0.151185,
101.396,0.599625,
24.3608,1.97011,
26.1158,0.376796,
25.2383,0.497708,
77.4931,0.113888,
34.2638,0.21505,
31.9632,0.387875,
78.3758,0.112896,
24.9474,0.150342,
118.29,0.20439,
78.6904,0.401811,
21.6803,0.303694,
22.975,0.129333,
36.2709,0.188591,
68.8835,0.151917,
75.5708,0.200656,
87.3975,0.096745,
76.4532,0.412387,
25.19,0.189626,
79.9651,0.460274,
106.294,0.344328,
34.7863,0.250967,
37.8558,0.161319,
46.8155,0.226055,
176.699,0.184241,
36.5675,0.14656,
37.4496,0.445602,
123.777,0.280863,
40.3146,0.205066,
38.2665,0.128645,
28.5515,0.393331,
30.4707,0.467597,
106.75,0.167983,
94.0372,0.158325,
111.039,0.218981,
34.8657,1.10117,
109.164,0.198499,
111.347,0.20256,
35.4298,0.514179,
107.865,0.252741,
34.5106,0.230985,
37.7566,0.366831,
32.2507,0.29236,
50.668,0.23294,
31.6627,0.746146,
36.8454,0.618356,
33.1659,0.165537,
32.2443,0.326146,
33.0329,0.264861,
102.09,0.194003,
39.1806,0.190521,
31.4331,0.180778,
105.83,0.237162,
33.2528,0.445485,
110.801,0.339335,
111.517,0.289366,
35.8859,0.469848,
45.7682,0.117396,
140.523,0.191879,
34.6683,0.138366,
176.756,0.51837,
36.6154,0.183315,
205.679,0.204477,
157.379,0.360873,
44.762,0.466045,
80.1853,0.420739,
115.443,0.41504,
70.3057,0.235629,
40.2744,0.489371,
88.258,0.171783,
57.0458,0.221226,
62.0352,0.666041,
33.2485,0.211783,
86.8722,0.132499,
113.008,0.171371,
135.446,0.203426,
36.607,0.258433,
57.4484,0.167464,
116.36,0.19687,
130.955,0.362237,
35.1868,0.354295,
62.8405,0.36704,
82.8764,0.199358,
36.2491,0.335902,
58.8862,0.404641,
72.5615,0.192663,
111.201,0.239326,
136.666,0.117842,
42.2592,0.187823,
92.6006,0.285668,
118.252,0.319561,
71.2825,0.334885,
113.679,0.4903,
74.2272,0.179721,
40.1342,0.251695,
63.0313,0.149695,
50.1115,0.234609,
76.4925,0.138755,
114.415,0.203263,
151.528,0.206818,
113.879,0.787848,
72.0418,0.175151,
37.4352,0.155128,
104.713,0.175399,
128.287,0.222902,
35.1063,0.19155,
32.7804,0.146623,
41.2409,0.213926,
39.6212,0.165846,
40.3732,0.184298,
40.7176,0.188638,
42.7867,0.18411,
41.875,0.159561,
40.4694,0.1492,
42.3297,0.213772,
40.8808,0.252292,
40.3056,0.164104,
29.5443,0.165893,
30.4287,0.185347,
27.6602,7.98483,
27.9889,0.424678,
121.156,0.473625,
90.4253,0.728352,
88.1779,0.268122,
43.6618,5.39516,
97.1985,0.691741,
91.9113,0.386337,
31.1355,0.264843,
25.2291,0.502748,
37.0227,0.471319,
40.8551,0.486823,
93.8812,0.34466,
102.285,0.265808,
89.2821,0.27235,
28.7392,0.241727,
74.7556,0.175237,
23.4217,0.154859,
34.1343,1.33331,
70.5343,0.261159,
69.7148,0.333187,
67.9177,0.251672,
71.1519,1.69646,
24.1691,0.311167,
73.2629,0.230588,
70.1078,0.132082,
21.4062,0.745214,
69.0447,0.435074,
71.5907,0.189918,
67.6978,0.2351,
22.4883,0.390127,
73.1923,0.336833,
20.5191,2.65713,
21.5968,1.33896,
71.7141,0.213274,
70.9173,0.259102,
23.0196,4.80785,
30.7098,0.422118,
24.6828,0.689408,
73.8915,0.35377,
71.4668,0.745469,
77.0344,0.389264,
23.3729,0.194445,
77.2712,0.311441,
24.4449,0.473686,
31.7047,0.790989,
76.2536,0.20848,
74.2863,0.20832,
61.9141,0.154972,
23.7488,0.180619,
29.2654,0.264853,
76.7607,0.205941,
123.995,0.475538,
22.4608,0.300252,
75.1599,0.165188,
20.9429,0.345205,
20.8575,0.151274,
22.7964,0.293626,
36.7246,0.189407,
25.3534,0.370142,
25.4453,0.343273,
83.2667,2.87627,
97.6239,0.753006,
103.087,1.1371,
96.2929,1.15593,
29.4047,1.64619,
91.1798,0.206,
111.871,0.304591,
31.862,0.16492,
44.3484,0.159827,
108.492,0.397384,
95.6098,0.288291,
29.0926,0.197087,
30.623,0.148507,
107.014,0.219495,
34.0239,0.12163,
26.0309,0.18072,
30.5711,0.253226,
98.1945,0.174388,
138.996,0.115618,
77.626,0.135917,
